149915b9c6c94d93bcb25d880f412abb,de6e6cc81c7b4155865616f3b341bc81,514f7615916a42419c1c351a53dfa79e,554f55ce1ae0feb1dbc244953bc30f6e,9634e553cb5e4d93b10ddecf1b9f83bc,549e3fce19224218873d5872c8ebc36c,0067d243ffe64faf8d69ce96751ae665,0095c63719c24bcdb951731fd8628de7
82d68809fba44b16ac81bf20cdc3f9f7,de6e6cc81c7b4155865616f3b341bc81,514f7615916a42419c1c351a53dfa79e,0ee183b39aacc93828844654b75cab8a,9634e553cb5e4d93b10ddecf1b9f83bc,549e3fce19224218873d5872c8ebc36c,0096e98affbc43de9147dd3c7640c3b9,0095c63719c24bcdb951731fd8628de7
9994211666884397853f4d2b4a5961b3,de6e6cc81c7b4155865616f3b341bc81,514f7615916a42419c1c351a53dfa79e,7370674fbbb195719f76db95ec67b3bf,9634e553cb5e4d93b10ddecf1b9f83bc,549e3fce19224218873d5872c8ebc36c,07f27f1b6ec841f6b4a4131538507442,0095c63719c24bcdb951731fd8628de7
7e2a964504d442529f13370a2f6a7772,de6e6cc81c7b4155865616f3b341bc81,514f7615916a42419c1c351a53dfa79e,8c43b510c173d4371b3655f188fb8703,9634e553cb5e4d93b10ddecf1b9f83bc,549e3fce19224218873d5872c8ebc36c,00da55ba751d42e38ab6903b74aedef6,0095c63719c24bcdb951731fd8628de7
f0befaa5876f4bc287ba11e925452cd9,de6e6cc81c7b4155865616f3b341bc81,514f7615916a42419c1c351a53dfa79e,a79c7ac140252ee673d4e6418afe3e2d,9634e553cb5e4d93b10ddecf1b9f83bc,549e3fce19224218873d5872c8ebc36c,130e65d4aa434816ab8f6639512fc271,0095c63719c24bcdb951731fd8628de7
449fadca4e1645569e1d77f654ca6f5d,de6e6cc81c7b4155865616f3b341bc81,514f7615916a42419c1c351a53dfa79e,dca05e5b1e3a2a36195530eb9649b100,9634e553cb5e4d93b10ddecf1b9f83bc,549e3fce19224218873d5872c8ebc36c,0bb18819e296413dafb2a062583e21c8,0095c63719c24bcdb951731fd8628de7
d8b17cb383594d77a9ce4e14d2816096,de6e6cc81c7b4155865616f3b341bc81,514f7615916a42419c1c351a53dfa79e,557ce24afe3f1fe8d3d1eee23ae767be,9634e553cb5e4d93b10ddecf1b9f83bc,549e3fce19224218873d5872c8ebc36c,0b5b1ae79bf2406c815cae006a1bd469,0095c63719c24bcdb951731fd8628de7
8044d1de25f3414c94a6e02ed5151b06,de6e6cc81c7b4155865616f3b341bc81,514f7615916a42419c1c351a53dfa79e,e1ebe3c74d65d1d6791d8b8d0deed52e,9634e553cb5e4d93b10ddecf1b9f83bc,549e3fce19224218873d5872c8ebc36c,13beedf30cdc45edb22853ae29927559,0095c63719c24bcdb951731fd8628de7
b564e4715ba447549892127fa2fa4544,de6e6cc81c7b4155865616f3b341bc81,514f7615916a42419c1c351a53dfa79e,9a99fffad6b7e464922611c32ecb15e1,9634e553cb5e4d93b10ddecf1b9f83bc,549e3fce19224218873d5872c8ebc36c,1b07be366dd8476cade25ea8a32c69ae,0095c63719c24bcdb951731fd8628de7
c00e2cbe1d444f4398f411db774f4b27,de6e6cc81c7b4155865616f3b341bc81,514f7615916a42419c1c351a53dfa79e,d565066aaf9fcfde3a2e42f33440ec12,9634e553cb5e4d93b10ddecf1b9f83bc,549e3fce19224218873d5872c8ebc36c,1bd455b2177a487aadd02e9e39f05f6a,0095c63719c24bcdb951731fd8628de7
f49f79240adb4fa5ae71a4507fe74400,de6e6cc81c7b4155865616f3b341bc81,514f7615916a42419c1c351a53dfa79e,87346582bb47a8b1f155343667303026,9634e553cb5e4d93b10ddecf1b9f83bc,549e3fce19224218873d5872c8ebc36c,1c2c883aee114b0cad69e5fb1ecc3305,0095c63719c24bcdb951731fd8628de7
69b50e7102de498faba0552513157fb0,de6e6cc81c7b4155865616f3b341bc81,514f7615916a42419c1c351a53dfa79e,2047473fa0b8de3f041100bbb3cb59e8,9634e553cb5e4d93b10ddecf1b9f83bc,549e3fce19224218873d5872c8ebc36c,1b0b2a8f6ef24270898dbe6b86cf07c8,0095c63719c24bcdb951731fd8628de7
d84166102d1f4dd7bef96f3e44d05e48,de6e6cc81c7b4155865616f3b341bc81,514f7615916a42419c1c351a53dfa79e,11118f85867225ebf619751151003c36,9634e553cb5e4d93b10ddecf1b9f83bc,549e3fce19224218873d5872c8ebc36c,1d80632bda4741e78c0b4e481a0c8807,0095c63719c24bcdb951731fd8628de7
ff87d1626e944529a3ceb2b76b2f3a1c,de6e6cc81c7b4155865616f3b341bc81,514f7615916a42419c1c351a53dfa79e,f78a6348691bbbfb3f990b55240f9975,9634e553cb5e4d93b10ddecf1b9f83bc,549e3fce19224218873d5872c8ebc36c,1fc916a179a3431d934e9d0a65dab186,0095c63719c24bcdb951731fd8628de7
80cff24765e248adb040fab9abca1a77,de6e6cc81c7b4155865616f3b341bc81,514f7615916a42419c1c351a53dfa79e,d03743e14833ac336e14ba0ebeb72180,9634e553cb5e4d93b10ddecf1b9f83bc,549e3fce19224218873d5872c8ebc36c,1cabca099e8b426e80724a4ff9dbdc9a,0095c63719c24bcdb951731fd8628de7
824a20301d574ef0ae7168378bced924,de6e6cc81c7b4155865616f3b341bc81,514f7615916a42419c1c351a53dfa79e,e374b9497d82e2d63818e80501a6feb0,9634e553cb5e4d93b10ddecf1b9f83bc,549e3fce19224218873d5872c8ebc36c,22342aac65c94f5aa7e7e750cb5f660a,0095c63719c24bcdb951731fd8628de7
8c5df142770144b1b6e42fe36035524c,de6e6cc81c7b4155865616f3b341bc81,514f7615916a42419c1c351a53dfa79e,d34b876ef862823a105cf43d59f86be9,9634e553cb5e4d93b10ddecf1b9f83bc,549e3fce19224218873d5872c8ebc36c,27cc6480481949cab2e6f62836ce0c3d,0095c63719c24bcdb951731fd8628de7
d0b9aeabb240484c93e2ba8bf47c2e24,de6e6cc81c7b4155865616f3b341bc81,514f7615916a42419c1c351a53dfa79e,08a16e90e5fca9a0253033611a3c8376,9634e553cb5e4d93b10ddecf1b9f83bc,549e3fce19224218873d5872c8ebc36c,2a23fb68545548cc9dbfbfd447953253,0095c63719c24bcdb951731fd8628de7
3204ecad1f4b43a081f564a3e0c04973,de6e6cc81c7b4155865616f3b341bc81,514f7615916a42419c1c351a53dfa79e,b515197d66aad62f85c8c8a3a1c723d4,9634e553cb5e4d93b10ddecf1b9f83bc,549e3fce19224218873d5872c8ebc36c,2f021bbac78044aaba5fc25557228d49,0095c63719c24bcdb951731fd8628de7
0bbc2d5212864057a49ba5038e4df412,de6e6cc81c7b4155865616f3b341bc81,514f7615916a42419c1c351a53dfa79e,fb8529d35ed666c700c0700613879cd6,9634e553cb5e4d93b10ddecf1b9f83bc,549e3fce19224218873d5872c8ebc36c,33f92f1f21ac48c29153d0a5380f7242,0095c63719c24bcdb951731fd8628de7
2420473cd66c49a18d364da1301b2549,de6e6cc81c7b4155865616f3b341bc81,514f7615916a42419c1c351a53dfa79e,9459b00cc686c5816cf02afcf540fe5e,9634e553cb5e4d93b10ddecf1b9f83bc,549e3fce19224218873d5872c8ebc36c,354ddb7330524af3b697d698f1b59410,0095c63719c24bcdb951731fd8628de7
3947548a6324412f98a7fd20aafe9d0c,de6e6cc81c7b4155865616f3b341bc81,514f7615916a42419c1c351a53dfa79e,7e29287fa27419ce1f518281822146c2,9634e553cb5e4d93b10ddecf1b9f83bc,549e3fce19224218873d5872c8ebc36c,37af696f1cf149489557da4972e128ed,0095c63719c24bcdb951731fd8628de7
08c904f4de214e8597ed000cba8ec801,de6e6cc81c7b4155865616f3b341bc81,514f7615916a42419c1c351a53dfa79e,7bb1d73132ebd0b6139995ca5029e3a2,9634e553cb5e4d93b10ddecf1b9f83bc,549e3fce19224218873d5872c8ebc36c,39b9712a35ff4e06970c0f35b039e131,0095c63719c24bcdb951731fd8628de7
4640eb41c86e4525b4e1e8239c1483f7,de6e6cc81c7b4155865616f3b341bc81,514f7615916a42419c1c351a53dfa79e,404a55e03cd263d2510344f57b0fc319,9634e553cb5e4d93b10ddecf1b9f83bc,549e3fce19224218873d5872c8ebc36c,3b8651daf4f344a795baadd113aa6bc7,0095c63719c24bcdb951731fd8628de7
c39c9db5ebfe4dd485522bd042d5174c,de6e6cc81c7b4155865616f3b341bc81,514f7615916a42419c1c351a53dfa79e,b114661dbbe4cfc91c9d632f859b27b7,9634e553cb5e4d93b10ddecf1b9f83bc,549e3fce19224218873d5872c8ebc36c,3b5f250b26094750be8da247e8fe8e85,0095c63719c24bcdb951731fd8628de7
bda451662c154779888f97df1774ce22,de6e6cc81c7b4155865616f3b341bc81,514f7615916a42419c1c351a53dfa79e,0e1b2eee7790ca4091401fd38c8f2364,9634e553cb5e4d93b10ddecf1b9f83bc,549e3fce19224218873d5872c8ebc36c,46f56642d6b1426593809d9b38cacbf7,0095c63719c24bcdb951731fd8628de7
5961e13237764d3384652b41ebace947,de6e6cc81c7b4155865616f3b341bc81,514f7615916a42419c1c351a53dfa79e,6b2ecc22498c5e7bc9e617c1c4811770,9634e553cb5e4d93b10ddecf1b9f83bc,549e3fce19224218873d5872c8ebc36c,46d354ababd04a7997970362a3776872,0095c63719c24bcdb951731fd8628de7
a01a280e13a745b6bd1607d9899f8a35,de6e6cc81c7b4155865616f3b341bc81,514f7615916a42419c1c351a53dfa79e,921bcd0dbfd07a98ae15db3896a73e13,9634e553cb5e4d93b10ddecf1b9f83bc,549e3fce19224218873d5872c8ebc36c,4a7a80cd718a4b41b389bf40f5a6fec6,0095c63719c24bcdb951731fd8628de7
f14bced702ef4671b77e21fd47920c25,de6e6cc81c7b4155865616f3b341bc81,514f7615916a42419c1c351a53dfa79e,cd17600adb9a34aa720947b0a8599a17,9634e553cb5e4d93b10ddecf1b9f83bc,549e3fce19224218873d5872c8ebc36c,4a08cc92e025424fb4fb6f757525f87f,0095c63719c24bcdb951731fd8628de7
5259c2304a21423381d2867e87218974,de6e6cc81c7b4155865616f3b341bc81,514f7615916a42419c1c351a53dfa79e,3344db7d24f727dab9c0541eb9dbab2f,9634e553cb5e4d93b10ddecf1b9f83bc,549e3fce19224218873d5872c8ebc36c,4b79f8796eb04359a083452c8d7d470f,0095c63719c24bcdb951731fd8628de7
df93dbb4bdb84868b95cff17d4789edf,de6e6cc81c7b4155865616f3b341bc81,514f7615916a42419c1c351a53dfa79e,1337aa79879933b5a5c6102ffbfeaa85,9634e553cb5e4d93b10ddecf1b9f83bc,549e3fce19224218873d5872c8ebc36c,4be1211a50694f09b2db38e78581bdff,0095c63719c24bcdb951731fd8628de7
84292e6f42a74993abfcf06139635672,de6e6cc81c7b4155865616f3b341bc81,514f7615916a42419c1c351a53dfa79e,1d0f960c92e1d2b4426c17578cf22cda,9634e553cb5e4d93b10ddecf1b9f83bc,549e3fce19224218873d5872c8ebc36c,4f10b5bd23ce4824b81c7756b15f399c,0095c63719c24bcdb951731fd8628de7
da6dfe3486f14489aa099ba96ab5e4f2,de6e6cc81c7b4155865616f3b341bc81,514f7615916a42419c1c351a53dfa79e,f456a649ff414d9da131ab57528c0f15,9634e553cb5e4d93b10ddecf1b9f83bc,549e3fce19224218873d5872c8ebc36c,5d8893c4fed341a5ac9aa52026a2f602,0095c63719c24bcdb951731fd8628de7
6289a3a40bd74606a8d800d8a68a75a5,de6e6cc81c7b4155865616f3b341bc81,514f7615916a42419c1c351a53dfa79e,1049715ab92cbf7ffba8f047f3ff6a26,9634e553cb5e4d93b10ddecf1b9f83bc,549e3fce19224218873d5872c8ebc36c,4f7c8f8b3acc4fe39289cb8ea6821370,0095c63719c24bcdb951731fd8628de7
ce511c681bd34846a9beb8253349527b,de6e6cc81c7b4155865616f3b341bc81,514f7615916a42419c1c351a53dfa79e,642c0523846558cef93fa2de777ddb6c,9634e553cb5e4d93b10ddecf1b9f83bc,549e3fce19224218873d5872c8ebc36c,609bcac6b15445d786fb388e7a08ee34,0095c63719c24bcdb951731fd8628de7
4740ffd26a0f4f4996bbd0f11b5861c6,de6e6cc81c7b4155865616f3b341bc81,514f7615916a42419c1c351a53dfa79e,af1c4ac0fb10e3b36d6c61e722a4eb4f,9634e553cb5e4d93b10ddecf1b9f83bc,549e3fce19224218873d5872c8ebc36c,62d0a63d07ce47529d6577f36c6cc29e,0095c63719c24bcdb951731fd8628de7
1f3b591beefa4df5ae1c50ded3646916,de6e6cc81c7b4155865616f3b341bc81,514f7615916a42419c1c351a53dfa79e,fc7acda595ec1c882604e733c1f98813,9634e553cb5e4d93b10ddecf1b9f83bc,549e3fce19224218873d5872c8ebc36c,6529c5434de448dba2541b8e3aa4cbfe,0095c63719c24bcdb951731fd8628de7
666a5c59d3cd4290a6bf052c42240f13,de6e6cc81c7b4155865616f3b341bc81,514f7615916a42419c1c351a53dfa79e,f69d26441ea8a81d6e597c794d968727,9634e553cb5e4d93b10ddecf1b9f83bc,549e3fce19224218873d5872c8ebc36c,6abe39bb96b24e8a9b8d1160b89ccb7c,0095c63719c24bcdb951731fd8628de7
9c3ab9155272446cb97466a48daf511c,de6e6cc81c7b4155865616f3b341bc81,514f7615916a42419c1c351a53dfa79e,9029a364f8ac3ca04941c3c8fea8c9f0,9634e553cb5e4d93b10ddecf1b9f83bc,549e3fce19224218873d5872c8ebc36c,69eb5d4092604480a2afe39f858b8685,0095c63719c24bcdb951731fd8628de7
637ad34662a94a2cbdffd7938554a4a0,de6e6cc81c7b4155865616f3b341bc81,514f7615916a42419c1c351a53dfa79e,d0806dda4c8f8d812445600e425a2695,9634e553cb5e4d93b10ddecf1b9f83bc,549e3fce19224218873d5872c8ebc36c,6e7e9ea36d374e1a9f8e5e952e9f8546,0095c63719c24bcdb951731fd8628de7
152f549e2c944afdb943eb95e6269a75,de6e6cc81c7b4155865616f3b341bc81,514f7615916a42419c1c351a53dfa79e,a02d7992bbcd39a23f578baece0a088b,9634e553cb5e4d93b10ddecf1b9f83bc,549e3fce19224218873d5872c8ebc36c,71f92ecd9141483eab406b932c9cefbd,0095c63719c24bcdb951731fd8628de7
b7760a8d26654e6caf2ed05606b410ba,de6e6cc81c7b4155865616f3b341bc81,514f7615916a42419c1c351a53dfa79e,0482340973a6645a855d998bb17c3363,9634e553cb5e4d93b10ddecf1b9f83bc,549e3fce19224218873d5872c8ebc36c,75451f525c8e490ba17bbaffc3efa1de,0095c63719c24bcdb951731fd8628de7
02a821e6d7ff4e668d1fe68188ee6aaa,de6e6cc81c7b4155865616f3b341bc81,514f7615916a42419c1c351a53dfa79e,f81eff474b4bec3c1353fda9487941d5,9634e553cb5e4d93b10ddecf1b9f83bc,549e3fce19224218873d5872c8ebc36c,742b2f59b935412993a60bab51d0d4f6,0095c63719c24bcdb951731fd8628de7
ed8ce68260f146118f4fcd6bd0620624,de6e6cc81c7b4155865616f3b341bc81,514f7615916a42419c1c351a53dfa79e,65dcee009e8a59075ce073463db2a0c5,9634e553cb5e4d93b10ddecf1b9f83bc,549e3fce19224218873d5872c8ebc36c,7bb28344fb3147a48cdde0fb7393bbd3,0095c63719c24bcdb951731fd8628de7
e75e9297d43e4189b2b0f8aa32bba647,de6e6cc81c7b4155865616f3b341bc81,514f7615916a42419c1c351a53dfa79e,aef40deb4cc15c26d40cc680babfbc22,9634e553cb5e4d93b10ddecf1b9f83bc,549e3fce19224218873d5872c8ebc36c,8078f0b9ae8849b9b343e6c5447fa411,0095c63719c24bcdb951731fd8628de7
230201e6b94a408f8c458c32469aa131,de6e6cc81c7b4155865616f3b341bc81,514f7615916a42419c1c351a53dfa79e,2a8e3439023a8f351a35ae4e02c1459f,9634e553cb5e4d93b10ddecf1b9f83bc,549e3fce19224218873d5872c8ebc36c,756676e83dd64b48840c0dfe7f764b77,0095c63719c24bcdb951731fd8628de7
11c6ccdd1e15437fbfd56ac431e7a56c,de6e6cc81c7b4155865616f3b341bc81,514f7615916a42419c1c351a53dfa79e,b4d2cbc5d182adbdda0b66c1d653581c,9634e553cb5e4d93b10ddecf1b9f83bc,549e3fce19224218873d5872c8ebc36c,79f2f24c70644d268ec339a0542895c6,0095c63719c24bcdb951731fd8628de7
1309fa4668c24575b2e4a0fabe3e1129,de6e6cc81c7b4155865616f3b341bc81,514f7615916a42419c1c351a53dfa79e,1e2d4ee60e2c9b046b4fc23f103336c8,9634e553cb5e4d93b10ddecf1b9f83bc,549e3fce19224218873d5872c8ebc36c,8476aa2c6a884db5865740650f93425f,0095c63719c24bcdb951731fd8628de7
68affc5e8ad8446492315c1910c18e41,de6e6cc81c7b4155865616f3b341bc81,514f7615916a42419c1c351a53dfa79e,eb478473292a71cf509be137994c831a,9634e553cb5e4d93b10ddecf1b9f83bc,549e3fce19224218873d5872c8ebc36c,8b14d18de533449f8cf2322f97e4789b,0095c63719c24bcdb951731fd8628de7
071418f6ae9248c5a44d44748ed56aef,de6e6cc81c7b4155865616f3b341bc81,514f7615916a42419c1c351a53dfa79e,a81100d00fc68204b8cf7667364433bf,9634e553cb5e4d93b10ddecf1b9f83bc,549e3fce19224218873d5872c8ebc36c,883e58ff4de145608d384cca386ee6cf,0095c63719c24bcdb951731fd8628de7
c422c4d5926d4792b008cdd70d8dce5d,de6e6cc81c7b4155865616f3b341bc81,514f7615916a42419c1c351a53dfa79e,84ecfc421db6fa73b56b7716807a151a,9634e553cb5e4d93b10ddecf1b9f83bc,549e3fce19224218873d5872c8ebc36c,8bae604b175142e7b5e69bc8c694352e,0095c63719c24bcdb951731fd8628de7
48c1e07c108e441a9b9f18e1a3c2acf3,de6e6cc81c7b4155865616f3b341bc81,514f7615916a42419c1c351a53dfa79e,1484826ed3b5775c07674939b9c7c77c,9634e553cb5e4d93b10ddecf1b9f83bc,549e3fce19224218873d5872c8ebc36c,8bde18d0c18d474a8d77efb07dae7fd5,0095c63719c24bcdb951731fd8628de7
12cbb2da3cf54812916ba662e5a81379,de6e6cc81c7b4155865616f3b341bc81,514f7615916a42419c1c351a53dfa79e,073f1e8e59aded400882baa2558a9664,9634e553cb5e4d93b10ddecf1b9f83bc,549e3fce19224218873d5872c8ebc36c,8defae1cede64e20bf119c63920625b0,0095c63719c24bcdb951731fd8628de7
58094cc3f0954536a24d8e39724b0886,de6e6cc81c7b4155865616f3b341bc81,514f7615916a42419c1c351a53dfa79e,1b585690dddc6ba6d49a354144174765,9634e553cb5e4d93b10ddecf1b9f83bc,549e3fce19224218873d5872c8ebc36c,919528d6843943719e7b4ef2ad606e8e,0095c63719c24bcdb951731fd8628de7
ef1c22f2f0cf42279b3b4758c520e1a6,de6e6cc81c7b4155865616f3b341bc81,514f7615916a42419c1c351a53dfa79e,2e87929cecf1022d14e4e1b8a95e53b2,9634e553cb5e4d93b10ddecf1b9f83bc,549e3fce19224218873d5872c8ebc36c,9196bff1324a4b5db39649acee69359a,0095c63719c24bcdb951731fd8628de7
0d7db3a601994166ada1801ca5b5bc88,de6e6cc81c7b4155865616f3b341bc81,514f7615916a42419c1c351a53dfa79e,6e27599e95923fd2597ab4d8149ac464,9634e553cb5e4d93b10ddecf1b9f83bc,549e3fce19224218873d5872c8ebc36c,939f0217356747949e84e56c13a19854,0095c63719c24bcdb951731fd8628de7
053a0fd48aa445d6abf88ac451af5ae2,de6e6cc81c7b4155865616f3b341bc81,514f7615916a42419c1c351a53dfa79e,00b65c674228265f69c9f04ff1de2f16,9634e553cb5e4d93b10ddecf1b9f83bc,549e3fce19224218873d5872c8ebc36c,94da3d3e38c04d7a983baf5c39149c0f,0095c63719c24bcdb951731fd8628de7
1037ae3cdd484b32864e1ab037c189d9,de6e6cc81c7b4155865616f3b341bc81,514f7615916a42419c1c351a53dfa79e,c31bc912c5cedde334e84d3e53f82214,9634e553cb5e4d93b10ddecf1b9f83bc,549e3fce19224218873d5872c8ebc36c,97c8fbdbacd542df9606c3181c0b3a83,0095c63719c24bcdb951731fd8628de7
3836f2d716394214ba4d719ef71de669,de6e6cc81c7b4155865616f3b341bc81,514f7615916a42419c1c351a53dfa79e,4bfed93113044afa6be7140987d22a9c,9634e553cb5e4d93b10ddecf1b9f83bc,549e3fce19224218873d5872c8ebc36c,9b1dfada825e465d88b1794b8a9dcd07,0095c63719c24bcdb951731fd8628de7
e62b8d3b435c40689071410a0e79791b,de6e6cc81c7b4155865616f3b341bc81,514f7615916a42419c1c351a53dfa79e,a36e8cf18861967949d065f31418a23d,9634e553cb5e4d93b10ddecf1b9f83bc,549e3fce19224218873d5872c8ebc36c,a27a93ea891542219eb462a2bb15238f,0095c63719c24bcdb951731fd8628de7
600966e1535f4a48a4b7f7df9410a863,de6e6cc81c7b4155865616f3b341bc81,514f7615916a42419c1c351a53dfa79e,fa28fa123bfc4bc6c6b696df0b12723d,9634e553cb5e4d93b10ddecf1b9f83bc,549e3fce19224218873d5872c8ebc36c,a40518578e9e4555951db0dcfef92869,0095c63719c24bcdb951731fd8628de7
f5402fd0aa404826963c3083c25519e4,de6e6cc81c7b4155865616f3b341bc81,514f7615916a42419c1c351a53dfa79e,4fbc8469d8e9ad34c75866a9df16792e,9634e553cb5e4d93b10ddecf1b9f83bc,549e3fce19224218873d5872c8ebc36c,a886b2dae6464fa0aaa2dcdb7d9e1dcd,0095c63719c24bcdb951731fd8628de7
49d9cbbfd3d2453ab6f5365a7747c9c7,de6e6cc81c7b4155865616f3b341bc81,514f7615916a42419c1c351a53dfa79e,57acd5be26528f600b86440b9fb59ee1,9634e553cb5e4d93b10ddecf1b9f83bc,549e3fce19224218873d5872c8ebc36c,ad997b3d7719477ebf8bb0e166d70e93,0095c63719c24bcdb951731fd8628de7
f30918d22be447048df4492849942fae,de6e6cc81c7b4155865616f3b341bc81,514f7615916a42419c1c351a53dfa79e,174f3e49e47dcbcfb940cce40d48c1fa,9634e553cb5e4d93b10ddecf1b9f83bc,549e3fce19224218873d5872c8ebc36c,ac1520c39b7a42fcb8b523cffe4c4d4a,0095c63719c24bcdb951731fd8628de7
a6233667ebd64e28b5a2e0bd2905c638,de6e6cc81c7b4155865616f3b341bc81,514f7615916a42419c1c351a53dfa79e,21c7cff7fcc80b4465855c2948da649e,9634e553cb5e4d93b10ddecf1b9f83bc,549e3fce19224218873d5872c8ebc36c,b1f0eecf13dd4eeb81013147a89a7959,0095c63719c24bcdb951731fd8628de7
d8b03e2f7fec4b66a4a53534cf6cd149,de6e6cc81c7b4155865616f3b341bc81,514f7615916a42419c1c351a53dfa79e,6f0e12816de488821e4ba2c6550fef64,9634e553cb5e4d93b10ddecf1b9f83bc,549e3fce19224218873d5872c8ebc36c,b36b341808364d858b8a2a2418d7b03e,0095c63719c24bcdb951731fd8628de7
332dfa98aba84571a8b02a2e22570660,de6e6cc81c7b4155865616f3b341bc81,514f7615916a42419c1c351a53dfa79e,0794cd8db49ae6a587a2fd59d0a7c54a,9634e553cb5e4d93b10ddecf1b9f83bc,549e3fce19224218873d5872c8ebc36c,b4ebf4290f80408f80b52a1a308130cd,0095c63719c24bcdb951731fd8628de7
e47267c2bfa6407080e99f06a2ae6ac2,de6e6cc81c7b4155865616f3b341bc81,514f7615916a42419c1c351a53dfa79e,36bda9e6a3e0d2e83ac19265aae1b36c,9634e553cb5e4d93b10ddecf1b9f83bc,549e3fce19224218873d5872c8ebc36c,b8406191fe084f93b3a8f1799f5792c1,0095c63719c24bcdb951731fd8628de7
81999cafd4944d35a4eec410cfe8294e,de6e6cc81c7b4155865616f3b341bc81,514f7615916a42419c1c351a53dfa79e,9ed8f48aaf84649fee39560f8a36ffd3,9634e553cb5e4d93b10ddecf1b9f83bc,549e3fce19224218873d5872c8ebc36c,b8211fe9a62f400a990150980f916709,0095c63719c24bcdb951731fd8628de7
2b525babd26f41188ae60f701cc001c4,de6e6cc81c7b4155865616f3b341bc81,514f7615916a42419c1c351a53dfa79e,2ed8605a387fb9b3690b67d407d81d8c,9634e553cb5e4d93b10ddecf1b9f83bc,549e3fce19224218873d5872c8ebc36c,b9a0d2edfe074ee080a4898184c318c5,0095c63719c24bcdb951731fd8628de7
429e6710730240c6918a58f8c991e591,de6e6cc81c7b4155865616f3b341bc81,514f7615916a42419c1c351a53dfa79e,775e41abbbb79bbc8fc2b2365953103f,9634e553cb5e4d93b10ddecf1b9f83bc,549e3fce19224218873d5872c8ebc36c,baed75bca4e14588a543f7113ecdc2cb,0095c63719c24bcdb951731fd8628de7
ab0073c017184a6a856e0a15d6e4ce81,de6e6cc81c7b4155865616f3b341bc81,514f7615916a42419c1c351a53dfa79e,6ec5e62d2dc22b6feb3d90530c8252f8,9634e553cb5e4d93b10ddecf1b9f83bc,549e3fce19224218873d5872c8ebc36c,c299f6b1f0f1485f8cb7745e0acb7bd8,0095c63719c24bcdb951731fd8628de7
41353a3c2b5a4d4f95030584abe62789,de6e6cc81c7b4155865616f3b341bc81,514f7615916a42419c1c351a53dfa79e,3ce1e2e9ab2687b05edbdc7d95565048,9634e553cb5e4d93b10ddecf1b9f83bc,549e3fce19224218873d5872c8ebc36c,c67e70440ac949a0ae2fbcd42340eeaf,0095c63719c24bcdb951731fd8628de7
859323d8074148a6bf5b803a7f221022,de6e6cc81c7b4155865616f3b341bc81,514f7615916a42419c1c351a53dfa79e,23862898d27abc27753f86d364cf7d85,9634e553cb5e4d93b10ddecf1b9f83bc,549e3fce19224218873d5872c8ebc36c,c7e0e05353004abfbd9ad1cc2a92869f,0095c63719c24bcdb951731fd8628de7
2faa3d9083994ee58c749bf30b8af76d,de6e6cc81c7b4155865616f3b341bc81,514f7615916a42419c1c351a53dfa79e,70200df99d38c60e5288b76fe3c68ccf,9634e553cb5e4d93b10ddecf1b9f83bc,549e3fce19224218873d5872c8ebc36c,ccefee956063411780ad61bd9b5fe04a,0095c63719c24bcdb951731fd8628de7
f9645beb55274670a58d6092c363ee76,de6e6cc81c7b4155865616f3b341bc81,514f7615916a42419c1c351a53dfa79e,e1798549723da7cb3429e27f4a8cae2d,9634e553cb5e4d93b10ddecf1b9f83bc,549e3fce19224218873d5872c8ebc36c,d40a04717d674bbc9bd35f80c6828652,0095c63719c24bcdb951731fd8628de7
794121eb33394c3da85eb5f87fc9d719,de6e6cc81c7b4155865616f3b341bc81,514f7615916a42419c1c351a53dfa79e,795cdc15d7b3f835c73faa54ca059a15,9634e553cb5e4d93b10ddecf1b9f83bc,549e3fce19224218873d5872c8ebc36c,d42cc363f12d4fd4baea4c765accef25,0095c63719c24bcdb951731fd8628de7
b16c23ed1d0a47309dbd1fc4b097d0a7,de6e6cc81c7b4155865616f3b341bc81,514f7615916a42419c1c351a53dfa79e,5cd2e4784ce7210f35016afd6f930585,9634e553cb5e4d93b10ddecf1b9f83bc,549e3fce19224218873d5872c8ebc36c,d745e1be443a4f33b9b57234fab57064,0095c63719c24bcdb951731fd8628de7
d93c866580d44ef58583c819d7c1b4aa,de6e6cc81c7b4155865616f3b341bc81,514f7615916a42419c1c351a53dfa79e,0f5013b5df24c9ad597c45d957a7ef68,9634e553cb5e4d93b10ddecf1b9f83bc,549e3fce19224218873d5872c8ebc36c,d8565f07caec46f384a9cea0339353f4,0095c63719c24bcdb951731fd8628de7
85a3bfb9e902427b835acc3ca96eb9c4,de6e6cc81c7b4155865616f3b341bc81,514f7615916a42419c1c351a53dfa79e,67bee9ace53df23fa614dea2958652fe,9634e553cb5e4d93b10ddecf1b9f83bc,549e3fce19224218873d5872c8ebc36c,da5357feba9a4275a49bd711be44162c,0095c63719c24bcdb951731fd8628de7
72299f37fa8d4dadaf42fe12985c084a,de6e6cc81c7b4155865616f3b341bc81,514f7615916a42419c1c351a53dfa79e,bcce5c54f8958062c5882c6c9f34d9ad,9634e553cb5e4d93b10ddecf1b9f83bc,549e3fce19224218873d5872c8ebc36c,d8e5b270ddc044219dca54be242914ca,0095c63719c24bcdb951731fd8628de7
b5aa79075bcb4396a954c2c7c0620344,de6e6cc81c7b4155865616f3b341bc81,514f7615916a42419c1c351a53dfa79e,00c7415140925b52dc9610c681036eba,9634e553cb5e4d93b10ddecf1b9f83bc,549e3fce19224218873d5872c8ebc36c,e060a22e8f3e4d5f928d0da5db3a2c04,0095c63719c24bcdb951731fd8628de7
7f58ddfc842944de9fcf64f6f3431476,de6e6cc81c7b4155865616f3b341bc81,514f7615916a42419c1c351a53dfa79e,cf3076365e098de5dcd83367871dc438,9634e553cb5e4d93b10ddecf1b9f83bc,549e3fce19224218873d5872c8ebc36c,e457e8b60aa4467f8d07c56245939b48,0095c63719c24bcdb951731fd8628de7
9965fd8c2cfc4041871584de1d7f6ac9,de6e6cc81c7b4155865616f3b341bc81,514f7615916a42419c1c351a53dfa79e,b6f912921c2bed502822dadad4e6d453,9634e553cb5e4d93b10ddecf1b9f83bc,549e3fce19224218873d5872c8ebc36c,e65fc9598ba349f7b5624a5c2fe3cd90,0095c63719c24bcdb951731fd8628de7
7abe3157c87248af8269e6b3866e8de5,de6e6cc81c7b4155865616f3b341bc81,514f7615916a42419c1c351a53dfa79e,addf2332cf7aec86ff19a4de603533fc,9634e553cb5e4d93b10ddecf1b9f83bc,549e3fce19224218873d5872c8ebc36c,e568c5c892754719a5e6e24ea44e9c10,0095c63719c24bcdb951731fd8628de7
d8236ddc261147e7ad2e814080616ee5,de6e6cc81c7b4155865616f3b341bc81,514f7615916a42419c1c351a53dfa79e,74b154238d4aaf6538057e2bc1f04fb0,9634e553cb5e4d93b10ddecf1b9f83bc,549e3fce19224218873d5872c8ebc36c,ea7a3f9935dc4699b1ca9fbf37f3e37f,0095c63719c24bcdb951731fd8628de7
2e6a16c81682400e8e307a9c7f1b062a,de6e6cc81c7b4155865616f3b341bc81,514f7615916a42419c1c351a53dfa79e,33115eedfc5ff3fab7af87204ec58118,9634e553cb5e4d93b10ddecf1b9f83bc,549e3fce19224218873d5872c8ebc36c,ec08988f38054a7fbb4d548b210f24f9,0095c63719c24bcdb951731fd8628de7
d2514f3817054527bb8cb937562808c0,de6e6cc81c7b4155865616f3b341bc81,514f7615916a42419c1c351a53dfa79e,7aab55ee9e3be90fed2f604592b77afa,9634e553cb5e4d93b10ddecf1b9f83bc,549e3fce19224218873d5872c8ebc36c,ee33a4728b2247a9837db8b2ef312ac6,0095c63719c24bcdb951731fd8628de7
91214c1581cc4c45a9d066afd584397f,de6e6cc81c7b4155865616f3b341bc81,514f7615916a42419c1c351a53dfa79e,8534da517272e520b39061c1ec44db65,9634e553cb5e4d93b10ddecf1b9f83bc,549e3fce19224218873d5872c8ebc36c,eca73b11f3ef45f2a0010b98901966a9,0095c63719c24bcdb951731fd8628de7
e510096b50224e4f80660fbac16365c6,de6e6cc81c7b4155865616f3b341bc81,514f7615916a42419c1c351a53dfa79e,0f469018f527bd1f557f6aacb0569208,9634e553cb5e4d93b10ddecf1b9f83bc,549e3fce19224218873d5872c8ebc36c,ef74e202c06c4322815f8fc25e00f927,0095c63719c24bcdb951731fd8628de7
052133aff9fa400f84107083f29a6c55,de6e6cc81c7b4155865616f3b341bc81,514f7615916a42419c1c351a53dfa79e,f95765aa8daf7311e4eae6dfa54cd6db,9634e553cb5e4d93b10ddecf1b9f83bc,549e3fce19224218873d5872c8ebc36c,f28ba181a0e1484d8825c96d80467625,0095c63719c24bcdb951731fd8628de7
3f0dbedd51af4eaf8487a7816a875b9b,de6e6cc81c7b4155865616f3b341bc81,514f7615916a42419c1c351a53dfa79e,6c819b82b8224a3a71116862df3fcdca,9634e553cb5e4d93b10ddecf1b9f83bc,549e3fce19224218873d5872c8ebc36c,f37991c51b374efda6696460392617d3,0095c63719c24bcdb951731fd8628de7
3e4581ec113d4a699b0035f268961f97,de6e6cc81c7b4155865616f3b341bc81,514f7615916a42419c1c351a53dfa79e,0fb43637a59e4e34f3b0e4e7762e6f18,9634e553cb5e4d93b10ddecf1b9f83bc,549e3fce19224218873d5872c8ebc36c,f482a4b07a9b45cb9b74b035cebd1ca9,0095c63719c24bcdb951731fd8628de7
3f9850faf48341e5991d3a847c173501,de6e6cc81c7b4155865616f3b341bc81,514f7615916a42419c1c351a53dfa79e,cf73729204f412ca6584542ae71dfc38,9634e553cb5e4d93b10ddecf1b9f83bc,549e3fce19224218873d5872c8ebc36c,f9cfa89357df4a0a971b0e4d9bf4a554,0095c63719c24bcdb951731fd8628de7
a4a6a7f68ee441938973c63f331a2e86,de6e6cc81c7b4155865616f3b341bc81,514f7615916a42419c1c351a53dfa79e,3fd4aeafd48930cd95e05c9de4a8d05d,9634e553cb5e4d93b10ddecf1b9f83bc,549e3fce19224218873d5872c8ebc36c,fc5b1d3082bd42d1adf22f729dfd32f7,0095c63719c24bcdb951731fd8628de7
31039e440cda427db522aad26f3a772a,de6e6cc81c7b4155865616f3b341bc81,514f7615916a42419c1c351a53dfa79e,f9e86dd4173b907168b9dc3a8b36ae4c,9634e553cb5e4d93b10ddecf1b9f83bc,549e3fce19224218873d5872c8ebc36c,fae6df79c743440d992a36ff8aa6afa7,0095c63719c24bcdb951731fd8628de7
aa70befaca79414ea70bbd514a1d8c7b,de6e6cc81c7b4155865616f3b341bc81,514f7615916a42419c1c351a53dfa79e,5cc6fbbecd411f95e00ed6eb6ef3c5c8,9634e553cb5e4d93b10ddecf1b9f83bc,549e3fce19224218873d5872c8ebc36c,fa1b37cb73824cc0b155004638095ae8,0095c63719c24bcdb951731fd8628de7
61056dc8889b4c0883b7b4b145a43f8b,de6e6cc81c7b4155865616f3b341bc81,514f7615916a42419c1c351a53dfa79e,4d62f0fad0a6c442f80f13f74a3c9976,9634e553cb5e4d93b10ddecf1b9f83bc,549e3fce19224218873d5872c8ebc36c,fcbc88aa4c9d4de6892e31895d900533,0095c63719c24bcdb951731fd8628de7
4511166b0bb84508acf8e079683b58cc,de6e6cc81c7b4155865616f3b341bc81,514f7615916a42419c1c351a53dfa79e,c7201fffa34dfcd5c7a67c891a36ec89,9634e553cb5e4d93b10ddecf1b9f83bc,549e3fce19224218873d5872c8ebc36c,fd54bf8f23d54abbb2ff49e28da7b6dd,0095c63719c24bcdb951731fd8628de7
