5b0de4848e574eba824b0e9b7faef3bd,313362e181b04072aa42637dbaaf2bb7,d11800d3d1a34d8c8c7aafc58e10d87e,d77c5d99734e63ecd2f7e3154dced3b6,13abb8e438be42d4ae1f6059214f9321,107e8ec912484f95a45cf23b042f9c02,96bbb4fa425a4d0986a5f193c0898bf5,9dd2553243224965bdacf37704b59281
6949dfdc244b4f1fa4dab9f9a0acb43d,313362e181b04072aa42637dbaaf2bb7,d11800d3d1a34d8c8c7aafc58e10d87e,580a846b01c39c66afa7cef6ca4a1bfb,13abb8e438be42d4ae1f6059214f9321,107e8ec912484f95a45cf23b042f9c02,0a884e394e2d449abd141f3762115675,9dd2553243224965bdacf37704b59281
fcc824cc1d2341468ff7c2047a4bc581,313362e181b04072aa42637dbaaf2bb7,d11800d3d1a34d8c8c7aafc58e10d87e,fd9afc78ddee1424691c10676622c9ff,13abb8e438be42d4ae1f6059214f9321,107e8ec912484f95a45cf23b042f9c02,2db9e73603fa414eb79ab7facf02856e,9dd2553243224965bdacf37704b59281
d77189dba1a34d2c935bcb130ff3fcdd,313362e181b04072aa42637dbaaf2bb7,d11800d3d1a34d8c8c7aafc58e10d87e,692d7bfc72c074ea7e4fb3db6ae09e4a,13abb8e438be42d4ae1f6059214f9321,107e8ec912484f95a45cf23b042f9c02,db0e5135e311495ab422e297ba3b57e6,9dd2553243224965bdacf37704b59281
4b78ca9d1de7453ca321db9c64157a4b,313362e181b04072aa42637dbaaf2bb7,d11800d3d1a34d8c8c7aafc58e10d87e,397bca242fc54109364f6e9a8c291298,13abb8e438be42d4ae1f6059214f9321,107e8ec912484f95a45cf23b042f9c02,7cff4bd07ea243c8814ff0b9b4905e22,9dd2553243224965bdacf37704b59281
63e6a382c9814868b74130d172f7d72b,313362e181b04072aa42637dbaaf2bb7,d11800d3d1a34d8c8c7aafc58e10d87e,be798f593615c86d6355c52921481e04,13abb8e438be42d4ae1f6059214f9321,107e8ec912484f95a45cf23b042f9c02,30f8e98fc9ac461fb006e6c431361f47,9dd2553243224965bdacf37704b59281
45e38fd9e05647809bfee25279c521c7,313362e181b04072aa42637dbaaf2bb7,d11800d3d1a34d8c8c7aafc58e10d87e,f8b9ab3c66b416d8d2acd81a92aeaee1,13abb8e438be42d4ae1f6059214f9321,107e8ec912484f95a45cf23b042f9c02,c118215f0e624a66bd1909d77f5825fd,9dd2553243224965bdacf37704b59281
848ad36471ce4988bebaa32046ab1f21,313362e181b04072aa42637dbaaf2bb7,d11800d3d1a34d8c8c7aafc58e10d87e,7f9f38755d18ab894ce9c929790604ef,13abb8e438be42d4ae1f6059214f9321,107e8ec912484f95a45cf23b042f9c02,125b712039b749ed95d1a952a2ae9e62,9dd2553243224965bdacf37704b59281
d0c554c182654cc9b9418509a4278e7f,313362e181b04072aa42637dbaaf2bb7,d11800d3d1a34d8c8c7aafc58e10d87e,8bd999562fd605152ef0550a6423061b,13abb8e438be42d4ae1f6059214f9321,107e8ec912484f95a45cf23b042f9c02,7dc02576f6c940439fa29cc92bedcfef,9dd2553243224965bdacf37704b59281
919a983efdb0444b8c66264f26a5b83d,313362e181b04072aa42637dbaaf2bb7,d11800d3d1a34d8c8c7aafc58e10d87e,6060d39db02b8cf06a957000c08127ca,13abb8e438be42d4ae1f6059214f9321,107e8ec912484f95a45cf23b042f9c02,6568d6e904754aebad00b698b47ab513,9dd2553243224965bdacf37704b59281
