f928240979ea42c39442d68ead53740d,b6f56bbc4dfd4d05820a753889d8950e,2b285f7a312a465ca300310572e02422,e099d76563e5b5fcec5e15679740a0f5,13abb8e438be42d4ae1f6059214f9321,b41c56be9eff4608803d51e7771490f4,1972461961ec4cc9bf33b04e56b2fd4e,14daf637614c43d8a303cc9ed9c5a4d7
0b5d870e1e704d61ae1df039662744d4,b6f56bbc4dfd4d05820a753889d8950e,2b285f7a312a465ca300310572e02422,81091c957712be1d52e1ced976aabe33,13abb8e438be42d4ae1f6059214f9321,b41c56be9eff4608803d51e7771490f4,b451340738e1462fbd4b3390282ff18d,14daf637614c43d8a303cc9ed9c5a4d7
e8af07c643d142e28c8286de71fc67c6,b6f56bbc4dfd4d05820a753889d8950e,2b285f7a312a465ca300310572e02422,d0e57d8881bbeeb603e35432d0de030c,13abb8e438be42d4ae1f6059214f9321,b41c56be9eff4608803d51e7771490f4,d86455df1fb84ae6853e4bc68123e1b0,14daf637614c43d8a303cc9ed9c5a4d7
8f64fedb691f4fdfbad48981445339a2,b6f56bbc4dfd4d05820a753889d8950e,2b285f7a312a465ca300310572e02422,cfb994f93e8ef86125ec7bd3ccc68be3,13abb8e438be42d4ae1f6059214f9321,b41c56be9eff4608803d51e7771490f4,2f03a15bbac1486d9645e20f929b38cb,14daf637614c43d8a303cc9ed9c5a4d7
79d2599483814a32919f5097cbd983bf,b6f56bbc4dfd4d05820a753889d8950e,2b285f7a312a465ca300310572e02422,70fdcd7a3c8b0969db285ed0f13fef1e,13abb8e438be42d4ae1f6059214f9321,b41c56be9eff4608803d51e7771490f4,557b8bf861c04ec4b2b73e66f7ee50c9,14daf637614c43d8a303cc9ed9c5a4d7
93d116cfda20429e981f28d41c3e903e,b6f56bbc4dfd4d05820a753889d8950e,2b285f7a312a465ca300310572e02422,5a0bd83eb3d5a4182fcf5e98deaaf3db,13abb8e438be42d4ae1f6059214f9321,b41c56be9eff4608803d51e7771490f4,e41abaccfc7340d19ae8c2caa3eb160f,14daf637614c43d8a303cc9ed9c5a4d7
883931374046424a9db6bbd7835fa0d1,b6f56bbc4dfd4d05820a753889d8950e,2b285f7a312a465ca300310572e02422,2a7e6e286d15f40bcf60729557a34b58,13abb8e438be42d4ae1f6059214f9321,b41c56be9eff4608803d51e7771490f4,9ee0b1ebb225472c8241276f1b2f6299,14daf637614c43d8a303cc9ed9c5a4d7
bbdd6804fdaf4162a255ada5ee91a4ab,b6f56bbc4dfd4d05820a753889d8950e,2b285f7a312a465ca300310572e02422,398fc164db1a6cedfd7f1c799e946478,13abb8e438be42d4ae1f6059214f9321,b41c56be9eff4608803d51e7771490f4,84bcdb8fdaa64719accb10b7af6e1af5,14daf637614c43d8a303cc9ed9c5a4d7
3f773dfde67247658e14db6a07bcd8bb,b6f56bbc4dfd4d05820a753889d8950e,2b285f7a312a465ca300310572e02422,775e2fc37840a71b079115817724210e,13abb8e438be42d4ae1f6059214f9321,b41c56be9eff4608803d51e7771490f4,8dea62b1929b4f78b2b251f7f324113d,14daf637614c43d8a303cc9ed9c5a4d7
e7b8e74d37a64634b9fad675996f4044,b6f56bbc4dfd4d05820a753889d8950e,2b285f7a312a465ca300310572e02422,7cedbf36d2a40bbcd643828f313f4f21,13abb8e438be42d4ae1f6059214f9321,b41c56be9eff4608803d51e7771490f4,7e8126b08d5b4595add5d49b1f99a792,14daf637614c43d8a303cc9ed9c5a4d7
