1a0427540d0c4d9b87dccada408b9288,a2baf6cba0a7490194841f8d75ef21a6,ded74dc5db574de3a307a3cabbb607d7,715531a2a63668786cd90ac6550042c1,648ee926f34f4ff3b1d42f5ea0420d2b,78751b003d05411aa76915eb3d5c82ca,1bb3ab504ed74116b3225ac843587f55,70140e1435b84d86a6676d9d6a69294b
7fbe533162af419b89fae66ad86d6afd,a2baf6cba0a7490194841f8d75ef21a6,ded74dc5db574de3a307a3cabbb607d7,0373675c05ff9b47bb403b4d6377b6a9,648ee926f34f4ff3b1d42f5ea0420d2b,78751b003d05411aa76915eb3d5c82ca,3b9daceb3fe54ae98508da9fe71d4ec2,70140e1435b84d86a6676d9d6a69294b
f269594180a14c0fa3784aff7b122fc7,a2baf6cba0a7490194841f8d75ef21a6,ded74dc5db574de3a307a3cabbb607d7,23e34308f4c90b257d3b8eb551d962d1,648ee926f34f4ff3b1d42f5ea0420d2b,78751b003d05411aa76915eb3d5c82ca,03c784232ff6401eaccb49e802bb812d,70140e1435b84d86a6676d9d6a69294b
58a245249ef54017af045e0223580005,a2baf6cba0a7490194841f8d75ef21a6,ded74dc5db574de3a307a3cabbb607d7,3db0cfe02a7347573a3f9ee618e233cb,648ee926f34f4ff3b1d42f5ea0420d2b,78751b003d05411aa76915eb3d5c82ca,758bb58065b347e8b358da5f2c80a68f,70140e1435b84d86a6676d9d6a69294b
027771f12f7748be9525643ee8a46f21,a2baf6cba0a7490194841f8d75ef21a6,ded74dc5db574de3a307a3cabbb607d7,b25031f476c9c8efd857fb5ecc0856ff,648ee926f34f4ff3b1d42f5ea0420d2b,78751b003d05411aa76915eb3d5c82ca,a1202bb858d14888bc0d78cb6284c79c,70140e1435b84d86a6676d9d6a69294b
12f5de9c7c2449088c8079458d7963ae,a2baf6cba0a7490194841f8d75ef21a6,ded74dc5db574de3a307a3cabbb607d7,5527902b8355574c83bd9d14a1f55839,648ee926f34f4ff3b1d42f5ea0420d2b,78751b003d05411aa76915eb3d5c82ca,a4d8311fa2fa41908f533a1d6a192670,70140e1435b84d86a6676d9d6a69294b
6078751b7178437a8c6eb3e2a197d928,a2baf6cba0a7490194841f8d75ef21a6,ded74dc5db574de3a307a3cabbb607d7,e9f7feac69b1d60797aba2288fc63333,648ee926f34f4ff3b1d42f5ea0420d2b,78751b003d05411aa76915eb3d5c82ca,8b41be6d77e4411481b7258f839e7949,70140e1435b84d86a6676d9d6a69294b
ea5996eb636f4ccb9c350ae085b3de27,a2baf6cba0a7490194841f8d75ef21a6,ded74dc5db574de3a307a3cabbb607d7,1898f7e639f706ae1f69df155a051c49,648ee926f34f4ff3b1d42f5ea0420d2b,78751b003d05411aa76915eb3d5c82ca,c523d21ec8fe4f7d878f12da50b5fc6c,70140e1435b84d86a6676d9d6a69294b
7fde8a88944e4182bcee28f0ce431ec5,a2baf6cba0a7490194841f8d75ef21a6,ded74dc5db574de3a307a3cabbb607d7,f5ac8972ba534c92386a51f9ab2f72e9,648ee926f34f4ff3b1d42f5ea0420d2b,78751b003d05411aa76915eb3d5c82ca,f251833f6a64471daf1809740a2d8935,70140e1435b84d86a6676d9d6a69294b
faed8494546f4c3e98ea6dcaf00994e4,a2baf6cba0a7490194841f8d75ef21a6,ded74dc5db574de3a307a3cabbb607d7,52490f050bb7155897a9f6797b87c46f,648ee926f34f4ff3b1d42f5ea0420d2b,78751b003d05411aa76915eb3d5c82ca,fa06b43b3ba74ad896496db66f114ecb,70140e1435b84d86a6676d9d6a69294b
