376710962ce34e35a883233ae7ef6a09,54822dc26c9c474cb325891775d2f073,98c5f94e928843a4b1bd084979c5c59b,36f677125b5cc01179ae25f7ee0ace9a,13abb8e438be42d4ae1f6059214f9321,726ef8e176464154ac200c4d9952a985,5a7e6a8ec1bf4ce7bd44f09212dc87f6,c2eefe73005f402ab35ad9d0421917a4
fcfe8ae1a9e7488ab468241d183b0d33,54822dc26c9c474cb325891775d2f073,98c5f94e928843a4b1bd084979c5c59b,26c57b5c777b0fa5d39a17e0c3ca9f11,13abb8e438be42d4ae1f6059214f9321,726ef8e176464154ac200c4d9952a985,0c973714e0d64623a8649a018c019da9,c2eefe73005f402ab35ad9d0421917a4
52a7d56e420244fba1fcc4ad3eb33b76,54822dc26c9c474cb325891775d2f073,98c5f94e928843a4b1bd084979c5c59b,be222e5b11dfe9c4c7cea7333f9448d6,13abb8e438be42d4ae1f6059214f9321,726ef8e176464154ac200c4d9952a985,8178dd643bc1466fad51e853fdd50d61,c2eefe73005f402ab35ad9d0421917a4
5e3bc7538f344db69f87fd5e0ea264ed,54822dc26c9c474cb325891775d2f073,98c5f94e928843a4b1bd084979c5c59b,4328c3fe469bcec26ef5a92db6772437,13abb8e438be42d4ae1f6059214f9321,726ef8e176464154ac200c4d9952a985,7dc0244d5e88452d92106852c554ae48,c2eefe73005f402ab35ad9d0421917a4
d128deaaa89f42a7a16e8a56cc45f8c2,54822dc26c9c474cb325891775d2f073,98c5f94e928843a4b1bd084979c5c59b,118cb60dca581ab99d8e0153f81e0473,13abb8e438be42d4ae1f6059214f9321,726ef8e176464154ac200c4d9952a985,8fa45cf0bc174805bef57381a29f02a8,c2eefe73005f402ab35ad9d0421917a4
1ec5e8a289874dc7bdb800c2bbd10b68,54822dc26c9c474cb325891775d2f073,98c5f94e928843a4b1bd084979c5c59b,a4f09d856c40d81231f42757c08945f4,13abb8e438be42d4ae1f6059214f9321,726ef8e176464154ac200c4d9952a985,d7620c12c4f144379c205b9726887df1,c2eefe73005f402ab35ad9d0421917a4
488cb569b937433887bc408f6bd6a6d5,54822dc26c9c474cb325891775d2f073,98c5f94e928843a4b1bd084979c5c59b,398adb80bd055b45db3af59d49293f1d,13abb8e438be42d4ae1f6059214f9321,726ef8e176464154ac200c4d9952a985,e40246242b2a481fb47a7479bc347ce0,c2eefe73005f402ab35ad9d0421917a4
4301ca5d6cae46669ad08046a79d32d0,54822dc26c9c474cb325891775d2f073,98c5f94e928843a4b1bd084979c5c59b,1d7ab40dbf131c3fb25d24255cd1eff4,13abb8e438be42d4ae1f6059214f9321,726ef8e176464154ac200c4d9952a985,4375c72f49a94242aca59232785e4feb,c2eefe73005f402ab35ad9d0421917a4
bd70d82ad97d4ba28a822e7fe9c9f97f,54822dc26c9c474cb325891775d2f073,98c5f94e928843a4b1bd084979c5c59b,1d53dec4ab52384df7af03b4ec0a6e00,13abb8e438be42d4ae1f6059214f9321,726ef8e176464154ac200c4d9952a985,65a2cfc41cdf4ec192b61ef5f94632d4,c2eefe73005f402ab35ad9d0421917a4
ebb08c80d2834c21acd996eeb994fcf0,54822dc26c9c474cb325891775d2f073,98c5f94e928843a4b1bd084979c5c59b,e50e1de63888858a06ea72591f9cfb74,13abb8e438be42d4ae1f6059214f9321,726ef8e176464154ac200c4d9952a985,053f0efa1b934eb4a3eec58ca7e9e958,c2eefe73005f402ab35ad9d0421917a4
