7299ff14d0fa4fb9931dab8a5eb8c696,a182a9c1c1f443ee99241c609e16259b,c449bbc91f90477d9a1c69b7d29a4424,6bd72b7e50ca10f208562283cb932a15,13abb8e438be42d4ae1f6059214f9321,2b5de578fab44c2581bf35be46bc40ad,59849148c435402db367fdd4ea5930d7,acd73b86fb5d42ca9897e75d937f5ff1
5cf3326ff3bc4130902a99291a2c9feb,a182a9c1c1f443ee99241c609e16259b,c449bbc91f90477d9a1c69b7d29a4424,d21870649ac9b8b98e7fb3cfef625d84,13abb8e438be42d4ae1f6059214f9321,2b5de578fab44c2581bf35be46bc40ad,d0efaa8054cd4dbfb304c91ef8694285,acd73b86fb5d42ca9897e75d937f5ff1
59ea0b38ac3a472fb8995bf446073676,a182a9c1c1f443ee99241c609e16259b,c449bbc91f90477d9a1c69b7d29a4424,31d0eda7d2ae0205459e65e023ceac8d,13abb8e438be42d4ae1f6059214f9321,2b5de578fab44c2581bf35be46bc40ad,9bda8f81b0d248a2830494f459255f4f,acd73b86fb5d42ca9897e75d937f5ff1
3efb44a6ccd3474ca81eee7be166a90c,a182a9c1c1f443ee99241c609e16259b,c449bbc91f90477d9a1c69b7d29a4424,0bf9519eb1492b057505abee92cf94e2,13abb8e438be42d4ae1f6059214f9321,2b5de578fab44c2581bf35be46bc40ad,e3253b34dbc54013bad29fdaef0bf92f,acd73b86fb5d42ca9897e75d937f5ff1
34dd2e41371b4cfebbcf9cf15b33d325,a182a9c1c1f443ee99241c609e16259b,c449bbc91f90477d9a1c69b7d29a4424,7dfae57f759b87c5ac35a618e1ee3412,13abb8e438be42d4ae1f6059214f9321,2b5de578fab44c2581bf35be46bc40ad,80754cd1e36646529d06b178a783c333,acd73b86fb5d42ca9897e75d937f5ff1
23eedecdf045438fba2472660f93e41b,a182a9c1c1f443ee99241c609e16259b,c449bbc91f90477d9a1c69b7d29a4424,9524ba420581a70be377f8ec53089447,13abb8e438be42d4ae1f6059214f9321,2b5de578fab44c2581bf35be46bc40ad,43281321bb3146949e6f86c4971e51bd,acd73b86fb5d42ca9897e75d937f5ff1
539949f307d946549f430b3f24f04b60,a182a9c1c1f443ee99241c609e16259b,c449bbc91f90477d9a1c69b7d29a4424,0db485f2abefd27277cd0353b3d87c87,13abb8e438be42d4ae1f6059214f9321,2b5de578fab44c2581bf35be46bc40ad,71c1eae4f86349c9b87d44686939dac5,acd73b86fb5d42ca9897e75d937f5ff1
9c9df7e28c354cd586ca6f35093bd12c,a182a9c1c1f443ee99241c609e16259b,c449bbc91f90477d9a1c69b7d29a4424,91dc4d14c52a3d6d6b243ba08748cb40,13abb8e438be42d4ae1f6059214f9321,2b5de578fab44c2581bf35be46bc40ad,80ef6d2e50654604a74b78bf841b6160,acd73b86fb5d42ca9897e75d937f5ff1
71b5a5750b874380b7b493f5004905f5,a182a9c1c1f443ee99241c609e16259b,c449bbc91f90477d9a1c69b7d29a4424,2eaa90640e55d1f08c0c6850e1c8b131,13abb8e438be42d4ae1f6059214f9321,2b5de578fab44c2581bf35be46bc40ad,c80e604d8f934915896525655373b7aa,acd73b86fb5d42ca9897e75d937f5ff1
daf715a26af14546a3c40ebc66bdf387,a182a9c1c1f443ee99241c609e16259b,c449bbc91f90477d9a1c69b7d29a4424,ac16d0a1bdc857dc904cd59dade19c21,13abb8e438be42d4ae1f6059214f9321,2b5de578fab44c2581bf35be46bc40ad,575ff13d434e45df8e94cfaca520f06b,acd73b86fb5d42ca9897e75d937f5ff1
