e6bead8db0414b6cb73af06492658c2f,401d77bf9adc46b895c4c47915b3c2d7,b75e55b391b347d3b7064549177df8a2,e137f9bcfc446e07011480fe8e9444a4,ba4851320ff448b3914f6fa04b3f4235,8be819332ff646b4ba12b8b42a4ade89,04ebb945d2ae46d4b0113f3308afd322,f19e25d066944ebc9312ee17b9abe0c0
561c9eadaaa5461fac99b6945b100674,401d77bf9adc46b895c4c47915b3c2d7,b75e55b391b347d3b7064549177df8a2,17cc4621c99521dfe125c18fe593c767,ba4851320ff448b3914f6fa04b3f4235,8be819332ff646b4ba12b8b42a4ade89,06a19ebfad134c8eb68496ff19b1a7fd,f19e25d066944ebc9312ee17b9abe0c0
98f3e366f44045bf98249ca807ce3730,401d77bf9adc46b895c4c47915b3c2d7,b75e55b391b347d3b7064549177df8a2,ff2d45441dc775052c0e71a9a2649186,ba4851320ff448b3914f6fa04b3f4235,8be819332ff646b4ba12b8b42a4ade89,07d00313b946490cb26d839aa355d538,f19e25d066944ebc9312ee17b9abe0c0
8d7770578cd4404c89075996bdb03b82,401d77bf9adc46b895c4c47915b3c2d7,b75e55b391b347d3b7064549177df8a2,8b4fadda36368fba5672ec2572c6aa8d,ba4851320ff448b3914f6fa04b3f4235,8be819332ff646b4ba12b8b42a4ade89,04b251cd8d4d4393bf934f026bd2c210,f19e25d066944ebc9312ee17b9abe0c0
fd9cb940c1a54a1eb1a1db5b313b4933,401d77bf9adc46b895c4c47915b3c2d7,b75e55b391b347d3b7064549177df8a2,18a0ef2f0997b0ea130f738b1958c42d,ba4851320ff448b3914f6fa04b3f4235,8be819332ff646b4ba12b8b42a4ade89,082dd34ecc954bc3a7f3264f4456fac8,f19e25d066944ebc9312ee17b9abe0c0
cec51bfc08c64dc399f368453721981f,401d77bf9adc46b895c4c47915b3c2d7,b75e55b391b347d3b7064549177df8a2,1ae4d92198b36b8e33a2797808cd154d,ba4851320ff448b3914f6fa04b3f4235,8be819332ff646b4ba12b8b42a4ade89,09f51c50730c451882afc20cd3661154,f19e25d066944ebc9312ee17b9abe0c0
ea9911cedac14dc6b3ff4f842fb29e3d,401d77bf9adc46b895c4c47915b3c2d7,b75e55b391b347d3b7064549177df8a2,5d0b6cbe05e537e84da7a631c51082ae,ba4851320ff448b3914f6fa04b3f4235,8be819332ff646b4ba12b8b42a4ade89,17f7716e483e4bc8afcdcf5ac4b55f4d,f19e25d066944ebc9312ee17b9abe0c0
b8e580d090fc47b6b766a2d90ee94adc,401d77bf9adc46b895c4c47915b3c2d7,b75e55b391b347d3b7064549177df8a2,d571748215612abc07421d0f8e4263d5,ba4851320ff448b3914f6fa04b3f4235,8be819332ff646b4ba12b8b42a4ade89,19a018e6b93842bda806274eef1d92ed,f19e25d066944ebc9312ee17b9abe0c0
d21d0707efd047238b3d5b35f9098a95,401d77bf9adc46b895c4c47915b3c2d7,b75e55b391b347d3b7064549177df8a2,9bf28ff053fd321205a652df64a6c89b,ba4851320ff448b3914f6fa04b3f4235,8be819332ff646b4ba12b8b42a4ade89,1b8b11c368484e7aabaa5b426f6f56b0,f19e25d066944ebc9312ee17b9abe0c0
97d66553aa2e4fb8ba0190a0d5b3454d,401d77bf9adc46b895c4c47915b3c2d7,b75e55b391b347d3b7064549177df8a2,3c8ade8bb2a2b9530fc4810d3d156d2f,ba4851320ff448b3914f6fa04b3f4235,8be819332ff646b4ba12b8b42a4ade89,1c70eb3430c646b88a64ea03feabfefa,f19e25d066944ebc9312ee17b9abe0c0
c063811116564dfc82b781732a03741a,401d77bf9adc46b895c4c47915b3c2d7,b75e55b391b347d3b7064549177df8a2,5a6894f87cef61c87af148fa029a680c,ba4851320ff448b3914f6fa04b3f4235,8be819332ff646b4ba12b8b42a4ade89,1cfcb67fad9f421f9df2650259b2f7a4,f19e25d066944ebc9312ee17b9abe0c0
88c2d19574944b3b96d9e8dc2ad1d112,401d77bf9adc46b895c4c47915b3c2d7,b75e55b391b347d3b7064549177df8a2,4c981483f33a55cf954b718592ce5e5f,ba4851320ff448b3914f6fa04b3f4235,8be819332ff646b4ba12b8b42a4ade89,1cb5501037684bdcbc7015f87059da1b,f19e25d066944ebc9312ee17b9abe0c0
1e51af6f67f2470589613b4ca1b957b9,401d77bf9adc46b895c4c47915b3c2d7,b75e55b391b347d3b7064549177df8a2,696742d3950060815c9707f4cf26cbf5,ba4851320ff448b3914f6fa04b3f4235,8be819332ff646b4ba12b8b42a4ade89,28fc4d58ef8b4e7c9b5669da4c34b21d,f19e25d066944ebc9312ee17b9abe0c0
ff6efece448241efb86a780e812db697,401d77bf9adc46b895c4c47915b3c2d7,b75e55b391b347d3b7064549177df8a2,680ec4f6739216e0816edabaf367fec4,ba4851320ff448b3914f6fa04b3f4235,8be819332ff646b4ba12b8b42a4ade89,1f1f4008980640c1a65c501d875d0aa0,f19e25d066944ebc9312ee17b9abe0c0
2f6cf19b077f4cb7ba4f6b1141aa254f,401d77bf9adc46b895c4c47915b3c2d7,b75e55b391b347d3b7064549177df8a2,30ef46f6d61c134472e3b13479db1f4d,ba4851320ff448b3914f6fa04b3f4235,8be819332ff646b4ba12b8b42a4ade89,2906b054ddff41f3b95340df8bb369bc,f19e25d066944ebc9312ee17b9abe0c0
0cbbc53169a748f3a5ea3b1be46c8810,401d77bf9adc46b895c4c47915b3c2d7,b75e55b391b347d3b7064549177df8a2,fdc2363d1ff488d9b384ad16d9724839,ba4851320ff448b3914f6fa04b3f4235,8be819332ff646b4ba12b8b42a4ade89,20ce73ea5a104df887dac5077e3e367d,f19e25d066944ebc9312ee17b9abe0c0
1aeac9289c3d4a7e8216c3b1f4668d7c,401d77bf9adc46b895c4c47915b3c2d7,b75e55b391b347d3b7064549177df8a2,272465ca7ba08627e825387401cb3622,ba4851320ff448b3914f6fa04b3f4235,8be819332ff646b4ba12b8b42a4ade89,2f75e1b374db48cab4704ed4033aef9a,f19e25d066944ebc9312ee17b9abe0c0
6cb9a7bdb13c413baf8d9a84a03c1b5c,401d77bf9adc46b895c4c47915b3c2d7,b75e55b391b347d3b7064549177df8a2,75467ff1faef8f5e4012ed50778466c9,ba4851320ff448b3914f6fa04b3f4235,8be819332ff646b4ba12b8b42a4ade89,34200f71df324845a38f2eb6aeefe4cf,f19e25d066944ebc9312ee17b9abe0c0
d4747380e1814208a80c78cd0bffdee1,401d77bf9adc46b895c4c47915b3c2d7,b75e55b391b347d3b7064549177df8a2,25131ccc9f85566483892e7df9c7ca92,ba4851320ff448b3914f6fa04b3f4235,8be819332ff646b4ba12b8b42a4ade89,34daead1a41144a8b3641151eb8a1ac6,f19e25d066944ebc9312ee17b9abe0c0
7eda92451ee6438a9f207224fa601a88,401d77bf9adc46b895c4c47915b3c2d7,b75e55b391b347d3b7064549177df8a2,ecd76fad0e345a21ae3f2f251e6de197,ba4851320ff448b3914f6fa04b3f4235,8be819332ff646b4ba12b8b42a4ade89,3652ab56d9194e7a9e97cdd63917249d,f19e25d066944ebc9312ee17b9abe0c0
0e944bf0a1314b5b98da14aa0d1b4444,401d77bf9adc46b895c4c47915b3c2d7,b75e55b391b347d3b7064549177df8a2,33749dc088af58413d3fb765e760442a,ba4851320ff448b3914f6fa04b3f4235,8be819332ff646b4ba12b8b42a4ade89,3e9417ac02a34c9192a330833823865b,f19e25d066944ebc9312ee17b9abe0c0
f4f3b78081ae47fb9920f71764f6c102,401d77bf9adc46b895c4c47915b3c2d7,b75e55b391b347d3b7064549177df8a2,6ddeb9ed35965aac8ade055dbbca2ff8,ba4851320ff448b3914f6fa04b3f4235,8be819332ff646b4ba12b8b42a4ade89,3f8ef82a538d4577b473ddc145bf3cfb,f19e25d066944ebc9312ee17b9abe0c0
0bc2009479c04f69acabd6e61763c0b0,401d77bf9adc46b895c4c47915b3c2d7,b75e55b391b347d3b7064549177df8a2,d07fff524d905cf799d3fbb9f10e64bf,ba4851320ff448b3914f6fa04b3f4235,8be819332ff646b4ba12b8b42a4ade89,3f7023e5ea834ce995f738d48196d283,f19e25d066944ebc9312ee17b9abe0c0
098bfe85f7c142999f5898f0fff9baf7,401d77bf9adc46b895c4c47915b3c2d7,b75e55b391b347d3b7064549177df8a2,8130142b7dd28457ec0837895c3a11c8,ba4851320ff448b3914f6fa04b3f4235,8be819332ff646b4ba12b8b42a4ade89,400b852de7064f359506c2bf058c148c,f19e25d066944ebc9312ee17b9abe0c0
5cf28bbda83144a68cdf03a94e5df8b8,401d77bf9adc46b895c4c47915b3c2d7,b75e55b391b347d3b7064549177df8a2,a2a85f18a3a8bbc95d1a47a860a51593,ba4851320ff448b3914f6fa04b3f4235,8be819332ff646b4ba12b8b42a4ade89,402d675c41ac4b8fa0a96eb87e8f4871,f19e25d066944ebc9312ee17b9abe0c0
8730e91b5ea34bf6b7ac1a3a1fac90bc,401d77bf9adc46b895c4c47915b3c2d7,b75e55b391b347d3b7064549177df8a2,24db0b01564d1d314f051d0c53b8a3f4,ba4851320ff448b3914f6fa04b3f4235,8be819332ff646b4ba12b8b42a4ade89,42ac6db5e1d6435c8b3b309afd263896,f19e25d066944ebc9312ee17b9abe0c0
82cddc57a3ef45e788a2986a9d2fb40d,401d77bf9adc46b895c4c47915b3c2d7,b75e55b391b347d3b7064549177df8a2,e1bdc04c09f5d7acc180bb910b77f30c,ba4851320ff448b3914f6fa04b3f4235,8be819332ff646b4ba12b8b42a4ade89,45576e00c28b44b591772fa49980a318,f19e25d066944ebc9312ee17b9abe0c0
b81e0697b6e94c48871320e4680c3393,401d77bf9adc46b895c4c47915b3c2d7,b75e55b391b347d3b7064549177df8a2,6c015e0fe8c8a9dc1997c381fae2e893,ba4851320ff448b3914f6fa04b3f4235,8be819332ff646b4ba12b8b42a4ade89,4622dbeb2f414cd58656f410a522fcc7,f19e25d066944ebc9312ee17b9abe0c0
b7038684d1ea48b2b35f397612551e46,401d77bf9adc46b895c4c47915b3c2d7,b75e55b391b347d3b7064549177df8a2,8a38a76f8428f1fc14c6fba8dc4a498d,ba4851320ff448b3914f6fa04b3f4235,8be819332ff646b4ba12b8b42a4ade89,49d0bda320ad40819c8abc474ad38ed9,f19e25d066944ebc9312ee17b9abe0c0
1ee207f2717541bdb3fb498e3791cf47,401d77bf9adc46b895c4c47915b3c2d7,b75e55b391b347d3b7064549177df8a2,973088302084171cfe2338ad61146f55,ba4851320ff448b3914f6fa04b3f4235,8be819332ff646b4ba12b8b42a4ade89,4929d78567754871b8b5c3cee751c79e,f19e25d066944ebc9312ee17b9abe0c0
4082a12a20eb4b06b37c8b44677f6aaa,401d77bf9adc46b895c4c47915b3c2d7,b75e55b391b347d3b7064549177df8a2,e8f63f42c8695161fd932325896fb59f,ba4851320ff448b3914f6fa04b3f4235,8be819332ff646b4ba12b8b42a4ade89,4ba5dcedb29744e3b0ab0ed37988de24,f19e25d066944ebc9312ee17b9abe0c0
155090dadbc2442aaed89fa10818a46e,401d77bf9adc46b895c4c47915b3c2d7,b75e55b391b347d3b7064549177df8a2,7d6371554e6a81053379ba438559aa0d,ba4851320ff448b3914f6fa04b3f4235,8be819332ff646b4ba12b8b42a4ade89,4c8bdeb0243f4fd58e0e15e798c0834f,f19e25d066944ebc9312ee17b9abe0c0
3a24ce99d5f048d18acb2a5fe582695a,401d77bf9adc46b895c4c47915b3c2d7,b75e55b391b347d3b7064549177df8a2,c72169f8d845c0677389a089b5d09b34,ba4851320ff448b3914f6fa04b3f4235,8be819332ff646b4ba12b8b42a4ade89,51681f1baed14563b890c18f92550214,f19e25d066944ebc9312ee17b9abe0c0
94350a90c4884facac851eebf8bc64fb,401d77bf9adc46b895c4c47915b3c2d7,b75e55b391b347d3b7064549177df8a2,4a29ec3a3f676cd46ad87ebca9cb40ab,ba4851320ff448b3914f6fa04b3f4235,8be819332ff646b4ba12b8b42a4ade89,55c30cbf2871496988671cac9ba0fafe,f19e25d066944ebc9312ee17b9abe0c0
58673b53ddc34e8c9d07fddd2dc24056,401d77bf9adc46b895c4c47915b3c2d7,b75e55b391b347d3b7064549177df8a2,2961ee0f06b929fb472d802970766174,ba4851320ff448b3914f6fa04b3f4235,8be819332ff646b4ba12b8b42a4ade89,4da997e44458482a9026e8230a005d10,f19e25d066944ebc9312ee17b9abe0c0
00f095b0bf324a669f96c9adefe831fa,401d77bf9adc46b895c4c47915b3c2d7,b75e55b391b347d3b7064549177df8a2,e54d5f7fb0dd4988a9e0d484478e8cb9,ba4851320ff448b3914f6fa04b3f4235,8be819332ff646b4ba12b8b42a4ade89,55cdca9681014f99a9677d515944efe1,f19e25d066944ebc9312ee17b9abe0c0
2e0227eb06fa43f2b10598dcbecbf4a7,401d77bf9adc46b895c4c47915b3c2d7,b75e55b391b347d3b7064549177df8a2,daf0276332ac994c28e13fc97c3edcfa,ba4851320ff448b3914f6fa04b3f4235,8be819332ff646b4ba12b8b42a4ade89,5712a8609b84435383a5ef258c67aa98,f19e25d066944ebc9312ee17b9abe0c0
0239ddb23bae45de835082677381dd70,401d77bf9adc46b895c4c47915b3c2d7,b75e55b391b347d3b7064549177df8a2,be8e63919b6ad22e2f0e577af9b99292,ba4851320ff448b3914f6fa04b3f4235,8be819332ff646b4ba12b8b42a4ade89,5affe6e7b21240ac8f071533608d0f82,f19e25d066944ebc9312ee17b9abe0c0
f63456492b2f4228abc60a93009dd08d,401d77bf9adc46b895c4c47915b3c2d7,b75e55b391b347d3b7064549177df8a2,1279e69a9fec2ac9914e0b5f9d54e0cd,ba4851320ff448b3914f6fa04b3f4235,8be819332ff646b4ba12b8b42a4ade89,5beac185249042e2871779fef09348db,f19e25d066944ebc9312ee17b9abe0c0
ee92c3623952489ca5e61306ddbe2fbb,401d77bf9adc46b895c4c47915b3c2d7,b75e55b391b347d3b7064549177df8a2,210152bcae9e61edd2079753f0f140c3,ba4851320ff448b3914f6fa04b3f4235,8be819332ff646b4ba12b8b42a4ade89,5bb3f384cb2943ffbed2233067a06b63,f19e25d066944ebc9312ee17b9abe0c0
9019a0fe44db44a3b1229b5da7987e25,401d77bf9adc46b895c4c47915b3c2d7,b75e55b391b347d3b7064549177df8a2,a0a99faf1955440c8a7c20a25007cc4c,ba4851320ff448b3914f6fa04b3f4235,8be819332ff646b4ba12b8b42a4ade89,5cb3014792034a0097cba079bda6e9c4,f19e25d066944ebc9312ee17b9abe0c0
9beaad86b5f14a3c91e97384ea9cc609,401d77bf9adc46b895c4c47915b3c2d7,b75e55b391b347d3b7064549177df8a2,29c8129d9226093f9f7bb06afbb46992,ba4851320ff448b3914f6fa04b3f4235,8be819332ff646b4ba12b8b42a4ade89,6191af3b6fb249149967078716e6ed6d,f19e25d066944ebc9312ee17b9abe0c0
373ba10f1cd74d3494f94e652e4ea178,401d77bf9adc46b895c4c47915b3c2d7,b75e55b391b347d3b7064549177df8a2,8c0016a1d90a40c9712c313718158faa,ba4851320ff448b3914f6fa04b3f4235,8be819332ff646b4ba12b8b42a4ade89,62507a5befba43918069b056c7cd98f8,f19e25d066944ebc9312ee17b9abe0c0
70c7b0cc1c084fd28c96014ab47afdea,401d77bf9adc46b895c4c47915b3c2d7,b75e55b391b347d3b7064549177df8a2,1ee38120ebc5d53b2676c84a8932d9e6,ba4851320ff448b3914f6fa04b3f4235,8be819332ff646b4ba12b8b42a4ade89,62b8f5bd6bd14491aa4a5e15826513c6,f19e25d066944ebc9312ee17b9abe0c0
3bca10a984004d96b71c6746b0123a8d,401d77bf9adc46b895c4c47915b3c2d7,b75e55b391b347d3b7064549177df8a2,96ccb2a1f8ea6941351d5eed9fb927d8,ba4851320ff448b3914f6fa04b3f4235,8be819332ff646b4ba12b8b42a4ade89,62d7fda284b7413fa54f7fbd39a0ffb1,f19e25d066944ebc9312ee17b9abe0c0
4c3dc536f00b404cb998d66ed0d5be39,401d77bf9adc46b895c4c47915b3c2d7,b75e55b391b347d3b7064549177df8a2,0fa4e171771ec9b8c2f22752e2e75429,ba4851320ff448b3914f6fa04b3f4235,8be819332ff646b4ba12b8b42a4ade89,6474d690ee454ca992c4e3ea4b771ba5,f19e25d066944ebc9312ee17b9abe0c0
d34607ab117c41558fedd689beefb691,401d77bf9adc46b895c4c47915b3c2d7,b75e55b391b347d3b7064549177df8a2,be48521162bc19858b830f729752be5b,ba4851320ff448b3914f6fa04b3f4235,8be819332ff646b4ba12b8b42a4ade89,6368bef4a96f4ec7908dd18ff4bd0343,f19e25d066944ebc9312ee17b9abe0c0
8272981ab2ad48d2b8e070ff7b641379,401d77bf9adc46b895c4c47915b3c2d7,b75e55b391b347d3b7064549177df8a2,7fffce3a8635bd87f496f8f7cb42834a,ba4851320ff448b3914f6fa04b3f4235,8be819332ff646b4ba12b8b42a4ade89,671e24d2a0da47e8a2ecb95ef45b558a,f19e25d066944ebc9312ee17b9abe0c0
757355e0129c46f7be8b5d7e961cb180,401d77bf9adc46b895c4c47915b3c2d7,b75e55b391b347d3b7064549177df8a2,fe12d597a9bf3f26b41eafde146e1451,ba4851320ff448b3914f6fa04b3f4235,8be819332ff646b4ba12b8b42a4ade89,70eff1367e134fab8339afe64b964719,f19e25d066944ebc9312ee17b9abe0c0
351f1a303aa14b15a434d1c5e966576a,401d77bf9adc46b895c4c47915b3c2d7,b75e55b391b347d3b7064549177df8a2,5c9d60a48a015d9c6f00ae7902a1a639,ba4851320ff448b3914f6fa04b3f4235,8be819332ff646b4ba12b8b42a4ade89,7c24546bada2402ea71310760bf429b6,f19e25d066944ebc9312ee17b9abe0c0
0305d7854d1148edb6c353fa17bc6a38,401d77bf9adc46b895c4c47915b3c2d7,b75e55b391b347d3b7064549177df8a2,bb393ce615fe27449d5cf0aa2e525b87,ba4851320ff448b3914f6fa04b3f4235,8be819332ff646b4ba12b8b42a4ade89,78bbba3f2e3848829d34e8c4fd3f89ae,f19e25d066944ebc9312ee17b9abe0c0
5ce25758911d4678b6885626669de020,401d77bf9adc46b895c4c47915b3c2d7,b75e55b391b347d3b7064549177df8a2,95ca90056aa743759d304fad3f2a6230,ba4851320ff448b3914f6fa04b3f4235,8be819332ff646b4ba12b8b42a4ade89,7ec6e7d417f04490905ee52699859095,f19e25d066944ebc9312ee17b9abe0c0
0891a2cc6abc4c17951476f1ae4c78f5,401d77bf9adc46b895c4c47915b3c2d7,b75e55b391b347d3b7064549177df8a2,7b2b1ed36ecbca039cdb9e4f3ead953b,ba4851320ff448b3914f6fa04b3f4235,8be819332ff646b4ba12b8b42a4ade89,7f3e90931d154f18b8e603f0c2e7c703,f19e25d066944ebc9312ee17b9abe0c0
7527aeda3df542389afb4873eed2e46c,401d77bf9adc46b895c4c47915b3c2d7,b75e55b391b347d3b7064549177df8a2,c34dc277b5a63aa5ac6a9d0cc6a2b7fd,ba4851320ff448b3914f6fa04b3f4235,8be819332ff646b4ba12b8b42a4ade89,823c6cf0d04d4dd49071fc65db214f1a,f19e25d066944ebc9312ee17b9abe0c0
ea602b916fcd45c8b66922b9def7baeb,401d77bf9adc46b895c4c47915b3c2d7,b75e55b391b347d3b7064549177df8a2,ba6f6b2eb72e1ebb212ac6a1ab053a7d,ba4851320ff448b3914f6fa04b3f4235,8be819332ff646b4ba12b8b42a4ade89,8566b5c5963247bf94aae7ceb90b2574,f19e25d066944ebc9312ee17b9abe0c0
6a36dd7816084d75bbbd89bd8a88e705,401d77bf9adc46b895c4c47915b3c2d7,b75e55b391b347d3b7064549177df8a2,39f34e7faba0ac7dedf52c29cc4e3c3a,ba4851320ff448b3914f6fa04b3f4235,8be819332ff646b4ba12b8b42a4ade89,8814f21b05b541c88501992ba32747e6,f19e25d066944ebc9312ee17b9abe0c0
1f5235fa757040e2bcc5fc578b49615d,401d77bf9adc46b895c4c47915b3c2d7,b75e55b391b347d3b7064549177df8a2,915aef50c5e19e83cfb44fd88a6dfb23,ba4851320ff448b3914f6fa04b3f4235,8be819332ff646b4ba12b8b42a4ade89,8af381c4704346629ff89f1b986cfea4,f19e25d066944ebc9312ee17b9abe0c0
2e9151d8729c4036885ff7f619ae5a1e,401d77bf9adc46b895c4c47915b3c2d7,b75e55b391b347d3b7064549177df8a2,f47d1bbab8ad907b17009ae717019058,ba4851320ff448b3914f6fa04b3f4235,8be819332ff646b4ba12b8b42a4ade89,8b8c4e89eb71472eacdc81ba19b238eb,f19e25d066944ebc9312ee17b9abe0c0
257b63bdca5647e38b6da071536875a4,401d77bf9adc46b895c4c47915b3c2d7,b75e55b391b347d3b7064549177df8a2,9413461d066c413c95db52c6ecabdf16,ba4851320ff448b3914f6fa04b3f4235,8be819332ff646b4ba12b8b42a4ade89,8e45a97ae49a4ca2a843408a1a92f82e,f19e25d066944ebc9312ee17b9abe0c0
63c78681c2be480eb46eab12b8027e9e,401d77bf9adc46b895c4c47915b3c2d7,b75e55b391b347d3b7064549177df8a2,6c733b75c4e9ffb21bbe0e19903eb496,ba4851320ff448b3914f6fa04b3f4235,8be819332ff646b4ba12b8b42a4ade89,9106f75d1b154da6a3ae01b6ba4d18db,f19e25d066944ebc9312ee17b9abe0c0
d89a899d27764fccb34383f52ddc3ed4,401d77bf9adc46b895c4c47915b3c2d7,b75e55b391b347d3b7064549177df8a2,973e346bbf6b328b2f61a0615bf8419d,ba4851320ff448b3914f6fa04b3f4235,8be819332ff646b4ba12b8b42a4ade89,96392eacb9014afba625f265839795fd,f19e25d066944ebc9312ee17b9abe0c0
2cbe88c648794097830d1422ac103b75,401d77bf9adc46b895c4c47915b3c2d7,b75e55b391b347d3b7064549177df8a2,62c2b5f00daf1f0c0e191c869f958f5b,ba4851320ff448b3914f6fa04b3f4235,8be819332ff646b4ba12b8b42a4ade89,94bf9cd958774e85b9d5b249607095b1,f19e25d066944ebc9312ee17b9abe0c0
a8804e3984c14483ae6eec98a010f1ce,401d77bf9adc46b895c4c47915b3c2d7,b75e55b391b347d3b7064549177df8a2,755e6f961d616d669b52ee1bdb9d4041,ba4851320ff448b3914f6fa04b3f4235,8be819332ff646b4ba12b8b42a4ade89,967ffc921a824ac8b145857410d7054b,f19e25d066944ebc9312ee17b9abe0c0
16fd07d6a2a14bf3941b8860ea4d4c4b,401d77bf9adc46b895c4c47915b3c2d7,b75e55b391b347d3b7064549177df8a2,f21044981ac61603f624634930424a77,ba4851320ff448b3914f6fa04b3f4235,8be819332ff646b4ba12b8b42a4ade89,9844733a37b749b2af2c4fea36d43a90,f19e25d066944ebc9312ee17b9abe0c0
cd727342e1da4f198f6d2a9bb9acf0ef,401d77bf9adc46b895c4c47915b3c2d7,b75e55b391b347d3b7064549177df8a2,1dd7f76ab03ea68b55347ac00e5f79f1,ba4851320ff448b3914f6fa04b3f4235,8be819332ff646b4ba12b8b42a4ade89,a0e879a0aafc479284e14649d8937730,f19e25d066944ebc9312ee17b9abe0c0
3dae9a46119e48a898e95cc8e2b5dcea,401d77bf9adc46b895c4c47915b3c2d7,b75e55b391b347d3b7064549177df8a2,d1b0119cac61a4f773a2ead672a2bccc,ba4851320ff448b3914f6fa04b3f4235,8be819332ff646b4ba12b8b42a4ade89,a2c88b9925b44f59a46d0fb550c9a5c6,f19e25d066944ebc9312ee17b9abe0c0
bb474b5b8e014732b1f1ad0fd562d48c,401d77bf9adc46b895c4c47915b3c2d7,b75e55b391b347d3b7064549177df8a2,15873b79395d56b3f8bd2f2ac34fcaf6,ba4851320ff448b3914f6fa04b3f4235,8be819332ff646b4ba12b8b42a4ade89,a4e7e270d7754179b3aefe131800fcb1,f19e25d066944ebc9312ee17b9abe0c0
a9370d0e59844f81a5d25cc158f5d534,401d77bf9adc46b895c4c47915b3c2d7,b75e55b391b347d3b7064549177df8a2,0820f1f926f379fec56d879abbe2eb95,ba4851320ff448b3914f6fa04b3f4235,8be819332ff646b4ba12b8b42a4ade89,b2386bda6d5441928a3e5829cd1b1de0,f19e25d066944ebc9312ee17b9abe0c0
b42f64af62004160b9b2509c2198cd29,401d77bf9adc46b895c4c47915b3c2d7,b75e55b391b347d3b7064549177df8a2,ed8a23d432941e883df8a450d290768d,ba4851320ff448b3914f6fa04b3f4235,8be819332ff646b4ba12b8b42a4ade89,b51c6006fdf348ba8f795926f98867d0,f19e25d066944ebc9312ee17b9abe0c0
6249bc8c1c81472a9e6617b59b2607a7,401d77bf9adc46b895c4c47915b3c2d7,b75e55b391b347d3b7064549177df8a2,9a4352eee8f4f6b92d53d3241cb13046,ba4851320ff448b3914f6fa04b3f4235,8be819332ff646b4ba12b8b42a4ade89,b4753a0a42b247d4ad9943a26c361a4d,f19e25d066944ebc9312ee17b9abe0c0
cb20c1b0d9f143e7ab41ab93a847033e,401d77bf9adc46b895c4c47915b3c2d7,b75e55b391b347d3b7064549177df8a2,d4749ed14fde5b815ab1f63bcd5fe429,ba4851320ff448b3914f6fa04b3f4235,8be819332ff646b4ba12b8b42a4ade89,b78d228ca077474bacdfb852a12f0fdb,f19e25d066944ebc9312ee17b9abe0c0
c09d53f127b94cd798940435a41ed33e,401d77bf9adc46b895c4c47915b3c2d7,b75e55b391b347d3b7064549177df8a2,c0ca806376c903185f974d29c2319d49,ba4851320ff448b3914f6fa04b3f4235,8be819332ff646b4ba12b8b42a4ade89,b7d82bdcb6f349a582a718d0746908ee,f19e25d066944ebc9312ee17b9abe0c0
92525837fcbb47d1bd1503399455495f,401d77bf9adc46b895c4c47915b3c2d7,b75e55b391b347d3b7064549177df8a2,667d19268b1564e4cc9d64c12f2f6a7e,ba4851320ff448b3914f6fa04b3f4235,8be819332ff646b4ba12b8b42a4ade89,b8594425bba34bbd96ac268a2f38beb4,f19e25d066944ebc9312ee17b9abe0c0
721eaa3db0c1445b8468e5a269b054f1,401d77bf9adc46b895c4c47915b3c2d7,b75e55b391b347d3b7064549177df8a2,6d9fa1d7390a422463021fa4dc936368,ba4851320ff448b3914f6fa04b3f4235,8be819332ff646b4ba12b8b42a4ade89,bdbd8d7516314bdcb54dc1587a4d75a8,f19e25d066944ebc9312ee17b9abe0c0
a536fd018dec41f79a0e117389eb9f9a,401d77bf9adc46b895c4c47915b3c2d7,b75e55b391b347d3b7064549177df8a2,710c6854f80fa77fd25d3efe7c89bd75,ba4851320ff448b3914f6fa04b3f4235,8be819332ff646b4ba12b8b42a4ade89,bcd38759c4d9413994e20df2880701dd,f19e25d066944ebc9312ee17b9abe0c0
29abc4d5ff604dd58d09b19bd67b35de,401d77bf9adc46b895c4c47915b3c2d7,b75e55b391b347d3b7064549177df8a2,234f9717eca319b4ce25e5ed2fba1b95,ba4851320ff448b3914f6fa04b3f4235,8be819332ff646b4ba12b8b42a4ade89,c0c8e35aed2545a7bc0b30a43a57992b,f19e25d066944ebc9312ee17b9abe0c0
b482d603853f4f0584bf97735cc57abf,401d77bf9adc46b895c4c47915b3c2d7,b75e55b391b347d3b7064549177df8a2,e2e2a74cf2cb779a3d34680c7014dd33,ba4851320ff448b3914f6fa04b3f4235,8be819332ff646b4ba12b8b42a4ade89,c4684d59d5f349d09c0a29b644da7dc6,f19e25d066944ebc9312ee17b9abe0c0
0b48a2eeaa7b46859dcaefbb09ca36ce,401d77bf9adc46b895c4c47915b3c2d7,b75e55b391b347d3b7064549177df8a2,3c5ff578117044328cfaaab3353ee5af,ba4851320ff448b3914f6fa04b3f4235,8be819332ff646b4ba12b8b42a4ade89,c54985bfc63e472586ec1076f1e633bc,f19e25d066944ebc9312ee17b9abe0c0
8e17abb9d72d464d9d607355fa4511a6,401d77bf9adc46b895c4c47915b3c2d7,b75e55b391b347d3b7064549177df8a2,6ac126163736751e8059ced1e5050401,ba4851320ff448b3914f6fa04b3f4235,8be819332ff646b4ba12b8b42a4ade89,c138a2f8cfc5405cbe5dfc70d1fee5d9,f19e25d066944ebc9312ee17b9abe0c0
18bc4ab813174683bfaa9d4b0b962ce8,401d77bf9adc46b895c4c47915b3c2d7,b75e55b391b347d3b7064549177df8a2,fd153f60438a94a2a3af10073f279616,ba4851320ff448b3914f6fa04b3f4235,8be819332ff646b4ba12b8b42a4ade89,c9280eb86a47496a943990ef82910d68,f19e25d066944ebc9312ee17b9abe0c0
52b0192e327e46c393312858f143aa9a,401d77bf9adc46b895c4c47915b3c2d7,b75e55b391b347d3b7064549177df8a2,fd14d6ea7ab54702462b5bc876b91594,ba4851320ff448b3914f6fa04b3f4235,8be819332ff646b4ba12b8b42a4ade89,cdfb32fda8b24e67ba184d19c1f6ee5a,f19e25d066944ebc9312ee17b9abe0c0
07ca00abbe774b248d6170097f7ff99b,401d77bf9adc46b895c4c47915b3c2d7,b75e55b391b347d3b7064549177df8a2,44cc2a5a59c4512ed393a7ec2c350614,ba4851320ff448b3914f6fa04b3f4235,8be819332ff646b4ba12b8b42a4ade89,d39e3f0dd8ee4d96ae4b71dc47fab145,f19e25d066944ebc9312ee17b9abe0c0
43e6602e992d40b58da7c53317efa905,401d77bf9adc46b895c4c47915b3c2d7,b75e55b391b347d3b7064549177df8a2,7269184194959204c2fa08125dde23de,ba4851320ff448b3914f6fa04b3f4235,8be819332ff646b4ba12b8b42a4ade89,dbaa722a38334669a0fdbc644ab72195,f19e25d066944ebc9312ee17b9abe0c0
cc1b8159ee3049888098662023d89f87,401d77bf9adc46b895c4c47915b3c2d7,b75e55b391b347d3b7064549177df8a2,4026100e7ed160db2986e9c07d641920,ba4851320ff448b3914f6fa04b3f4235,8be819332ff646b4ba12b8b42a4ade89,c96a5152008a409987e4805dc924d5c0,f19e25d066944ebc9312ee17b9abe0c0
7d49f2ed17494062b0b342b70163dbea,401d77bf9adc46b895c4c47915b3c2d7,b75e55b391b347d3b7064549177df8a2,da2d8d178dcc0146f4ee123c4394057c,ba4851320ff448b3914f6fa04b3f4235,8be819332ff646b4ba12b8b42a4ade89,dbe8e49513434a3d95afeb2ab889ddcb,f19e25d066944ebc9312ee17b9abe0c0
614ce3ac20b240d7a34f445a9d5e1ece,401d77bf9adc46b895c4c47915b3c2d7,b75e55b391b347d3b7064549177df8a2,2a113e4f3c1547ec5bc9086d81fcdd8d,ba4851320ff448b3914f6fa04b3f4235,8be819332ff646b4ba12b8b42a4ade89,dedcb846c85f473a9f65d86e35ba6937,f19e25d066944ebc9312ee17b9abe0c0
94f8d14c0b9d4a9ea80441cef2dc9f98,401d77bf9adc46b895c4c47915b3c2d7,b75e55b391b347d3b7064549177df8a2,e8e571bb92732d59cf70bf70d90a66d8,ba4851320ff448b3914f6fa04b3f4235,8be819332ff646b4ba12b8b42a4ade89,df5c9e3ff2b34fd0afc3279064fcbe23,f19e25d066944ebc9312ee17b9abe0c0
8b4b0ca73f424a34b760c715d25626eb,401d77bf9adc46b895c4c47915b3c2d7,b75e55b391b347d3b7064549177df8a2,8b6780c7305f76a2fd77206f2e2df089,ba4851320ff448b3914f6fa04b3f4235,8be819332ff646b4ba12b8b42a4ade89,e130d33c8d434f9a8ec6f1ae4047af6e,f19e25d066944ebc9312ee17b9abe0c0
3a030417083f46e98a71fad6f41f6d78,401d77bf9adc46b895c4c47915b3c2d7,b75e55b391b347d3b7064549177df8a2,e504b2ccf28e036adac3a89c3e9c50ba,ba4851320ff448b3914f6fa04b3f4235,8be819332ff646b4ba12b8b42a4ade89,e535858850b841ac99cf2beec3be466c,f19e25d066944ebc9312ee17b9abe0c0
f15fad0318594852a1b94318ce0f9ddf,401d77bf9adc46b895c4c47915b3c2d7,b75e55b391b347d3b7064549177df8a2,831994c85209aa4fcbd906f02b327aea,ba4851320ff448b3914f6fa04b3f4235,8be819332ff646b4ba12b8b42a4ade89,e622cf7f16c6415aa0e95dbc64e4da57,f19e25d066944ebc9312ee17b9abe0c0
5f8faa0d27144c4191c32c78b9450fce,401d77bf9adc46b895c4c47915b3c2d7,b75e55b391b347d3b7064549177df8a2,49cf96ccfeb3bb30acebef64766e0483,ba4851320ff448b3914f6fa04b3f4235,8be819332ff646b4ba12b8b42a4ade89,e6abb22c65404939b26b359a301efe0f,f19e25d066944ebc9312ee17b9abe0c0
2110b3d6ca0c483faef962090b6de090,401d77bf9adc46b895c4c47915b3c2d7,b75e55b391b347d3b7064549177df8a2,961dd350f0ede2795eaf38193196c945,ba4851320ff448b3914f6fa04b3f4235,8be819332ff646b4ba12b8b42a4ade89,f0e211d99170431e835f8b750a40c132,f19e25d066944ebc9312ee17b9abe0c0
856fb88459a54fb48efa0f4c8b656afd,401d77bf9adc46b895c4c47915b3c2d7,b75e55b391b347d3b7064549177df8a2,3670ca44a1b12bb16c44b792e53c1a6c,ba4851320ff448b3914f6fa04b3f4235,8be819332ff646b4ba12b8b42a4ade89,f28a5900b54242398e41d76ab7bda7ba,f19e25d066944ebc9312ee17b9abe0c0
7da238cbc2e14159a4da892e621ff0cd,401d77bf9adc46b895c4c47915b3c2d7,b75e55b391b347d3b7064549177df8a2,9cedac78b924c04ce1145e1a7c2f5ef0,ba4851320ff448b3914f6fa04b3f4235,8be819332ff646b4ba12b8b42a4ade89,f57000ac681c47008181f9ff333756c0,f19e25d066944ebc9312ee17b9abe0c0
5ab4493491064173a2ff124211ae39d6,401d77bf9adc46b895c4c47915b3c2d7,b75e55b391b347d3b7064549177df8a2,b41f4ca2f8a953989cab02de5ec714ef,ba4851320ff448b3914f6fa04b3f4235,8be819332ff646b4ba12b8b42a4ade89,f858d132bcae4b27b9c86308e46bde3c,f19e25d066944ebc9312ee17b9abe0c0
e1e2e3e346a94a37972ea1347e274a29,401d77bf9adc46b895c4c47915b3c2d7,b75e55b391b347d3b7064549177df8a2,276174d93b1895a95716c9d40e415685,ba4851320ff448b3914f6fa04b3f4235,8be819332ff646b4ba12b8b42a4ade89,f846b53582cd49939f7cc62d98ab12cf,f19e25d066944ebc9312ee17b9abe0c0
4acf4412cbab4a78888c63252146fe62,401d77bf9adc46b895c4c47915b3c2d7,b75e55b391b347d3b7064549177df8a2,6e57a78b7bee2f61d4a569bbcb65918c,ba4851320ff448b3914f6fa04b3f4235,8be819332ff646b4ba12b8b42a4ade89,f9e585934c5441d8bc511e339e058f62,f19e25d066944ebc9312ee17b9abe0c0
b0ec94a6aeb643caa37ca9134f70edf9,401d77bf9adc46b895c4c47915b3c2d7,b75e55b391b347d3b7064549177df8a2,ed00dbf9ae73d7beb6f3bf8f44582816,ba4851320ff448b3914f6fa04b3f4235,8be819332ff646b4ba12b8b42a4ade89,fab2a126c48446e9a01b87bca1e0dec2,f19e25d066944ebc9312ee17b9abe0c0
8c1e529c0581494eb8a90186e1c601ac,401d77bf9adc46b895c4c47915b3c2d7,b75e55b391b347d3b7064549177df8a2,83ce2eb4441dd7474255511e6163d154,ba4851320ff448b3914f6fa04b3f4235,8be819332ff646b4ba12b8b42a4ade89,ff5e27a8fa0f45b2993388319b2fbd17,f19e25d066944ebc9312ee17b9abe0c0
