1a5f134b11f645c7b9d54acff25307e6,fdaf884cf25046579be5ec8452eca8e5,a2990a3d71c8412f90a3daff50c7cc1f,4716d5714a7e4370b99b4fd80c398f58,de8dec806e5c43eea053260871d64aa1,45d3dbb5a0ec40f1ac3540ccff30b597,02bdf81c66ec4f49a7d40d02481bce1c,dc01409e0cdd4cd4933ab1ad01706e11
3b3b0f0bfce94ac2999655e9908d64cb,fdaf884cf25046579be5ec8452eca8e5,a2990a3d71c8412f90a3daff50c7cc1f,ca00e5c5ba6e772d1711b0a158613e27,de8dec806e5c43eea053260871d64aa1,45d3dbb5a0ec40f1ac3540ccff30b597,006177d577834a8aa163d8f5ea5c3fa5,dc01409e0cdd4cd4933ab1ad01706e11
99236851adb04987b9642292679d7825,fdaf884cf25046579be5ec8452eca8e5,a2990a3d71c8412f90a3daff50c7cc1f,b54ad5977d2cea27def2f7e6b8e5ea24,de8dec806e5c43eea053260871d64aa1,45d3dbb5a0ec40f1ac3540ccff30b597,869b764da5e347a7af087d08cfe9342c,dc01409e0cdd4cd4933ab1ad01706e11
8e93f0502cd64bd8aeb8ecca17ce7145,fdaf884cf25046579be5ec8452eca8e5,a2990a3d71c8412f90a3daff50c7cc1f,c69a456ab5a9b9b14db38acae85c7f49,de8dec806e5c43eea053260871d64aa1,45d3dbb5a0ec40f1ac3540ccff30b597,e3e274f3d186456887d04964c73d097f,dc01409e0cdd4cd4933ab1ad01706e11
e7fe26a1bf8048ccb0033c81266e2bfa,fdaf884cf25046579be5ec8452eca8e5,a2990a3d71c8412f90a3daff50c7cc1f,1714d7b0769d5e72b6ed7789f41df15c,de8dec806e5c43eea053260871d64aa1,45d3dbb5a0ec40f1ac3540ccff30b597,90190ae203bf4e3895a051516278cca1,dc01409e0cdd4cd4933ab1ad01706e11
0c35ce01ba5a4f20b0728420286423e6,fdaf884cf25046579be5ec8452eca8e5,a2990a3d71c8412f90a3daff50c7cc1f,784c84f41c44605e60ff9bc78a909d78,de8dec806e5c43eea053260871d64aa1,45d3dbb5a0ec40f1ac3540ccff30b597,05988a64a0d94205a512bc3fafaea4f3,dc01409e0cdd4cd4933ab1ad01706e11
549bc054845443b7800a2777f2e0f07e,fdaf884cf25046579be5ec8452eca8e5,a2990a3d71c8412f90a3daff50c7cc1f,75ddc823dfd616a6727c4ff7024a2ba8,de8dec806e5c43eea053260871d64aa1,45d3dbb5a0ec40f1ac3540ccff30b597,e8e7f81601b444fa939181e8319a0c03,dc01409e0cdd4cd4933ab1ad01706e11
8721a448dd2d41b28ac06801a9259917,fdaf884cf25046579be5ec8452eca8e5,a2990a3d71c8412f90a3daff50c7cc1f,1706e01fab7794f3617f6d49c0b6234e,de8dec806e5c43eea053260871d64aa1,45d3dbb5a0ec40f1ac3540ccff30b597,508261528e1d4c548ac90ac6ba52185b,dc01409e0cdd4cd4933ab1ad01706e11
024eb6b4145f499db4f5ca87859abc60,fdaf884cf25046579be5ec8452eca8e5,a2990a3d71c8412f90a3daff50c7cc1f,a9628bcb8f419f4d4b7f7fe856fe7e89,de8dec806e5c43eea053260871d64aa1,45d3dbb5a0ec40f1ac3540ccff30b597,4e0f0b0c75e9410babb47008d969e173,dc01409e0cdd4cd4933ab1ad01706e11
f3af6cf3496a4be0b03231ccbf2924db,fdaf884cf25046579be5ec8452eca8e5,a2990a3d71c8412f90a3daff50c7cc1f,fa144a2a3b6fe362e5665e17206eca8a,de8dec806e5c43eea053260871d64aa1,45d3dbb5a0ec40f1ac3540ccff30b597,1b899b53dbd4413b8d0a80050095d0fa,dc01409e0cdd4cd4933ab1ad01706e11
02ecce481ea44ef4b11a70fb74db14d0,fdaf884cf25046579be5ec8452eca8e5,a2990a3d71c8412f90a3daff50c7cc1f,01b64111930ae070bb7f9273fb655ba4,de8dec806e5c43eea053260871d64aa1,45d3dbb5a0ec40f1ac3540ccff30b597,472630ba191f44639acf8138be59c9b8,dc01409e0cdd4cd4933ab1ad01706e11
07a5d60987444c01bed3043053c639da,fdaf884cf25046579be5ec8452eca8e5,a2990a3d71c8412f90a3daff50c7cc1f,eac8df7ce71df4214c1dd59dbc7ced22,de8dec806e5c43eea053260871d64aa1,45d3dbb5a0ec40f1ac3540ccff30b597,d5e30b31dcc244108f387aa14079b595,dc01409e0cdd4cd4933ab1ad01706e11
525c9c4579e247a7b3077e3ee82e84a1,fdaf884cf25046579be5ec8452eca8e5,a2990a3d71c8412f90a3daff50c7cc1f,989e57011c4afad34a0b102de1ce04f2,de8dec806e5c43eea053260871d64aa1,45d3dbb5a0ec40f1ac3540ccff30b597,6aa3950494ba43e5b1800866390cf2cf,dc01409e0cdd4cd4933ab1ad01706e11
f31394679bfd47bf8883e38f4f024813,fdaf884cf25046579be5ec8452eca8e5,a2990a3d71c8412f90a3daff50c7cc1f,4ca2822d0089bb0b0df69df04aa7c9fd,de8dec806e5c43eea053260871d64aa1,45d3dbb5a0ec40f1ac3540ccff30b597,bad322fea77d46a596174cf1a44d616c,dc01409e0cdd4cd4933ab1ad01706e11
95aff310763f4bddb926bc87de2058b2,fdaf884cf25046579be5ec8452eca8e5,a2990a3d71c8412f90a3daff50c7cc1f,886baea194fe6a0a6e8582181244f4cd,de8dec806e5c43eea053260871d64aa1,45d3dbb5a0ec40f1ac3540ccff30b597,adf36bc3d86f41c0bc2a0c6aaf52da3e,dc01409e0cdd4cd4933ab1ad01706e11
ba11663a98da45ac91252dec1c729029,fdaf884cf25046579be5ec8452eca8e5,a2990a3d71c8412f90a3daff50c7cc1f,9f8c62b55fea35a8f2419cc16dad6a39,de8dec806e5c43eea053260871d64aa1,45d3dbb5a0ec40f1ac3540ccff30b597,002783312afc47aaa62cf9db4dd27459,dc01409e0cdd4cd4933ab1ad01706e11
0a27e1dcf4a0493e926bb9ed1f170a3a,fdaf884cf25046579be5ec8452eca8e5,a2990a3d71c8412f90a3daff50c7cc1f,2b51f766c36bfcb7810dc8cf632c9473,de8dec806e5c43eea053260871d64aa1,45d3dbb5a0ec40f1ac3540ccff30b597,069181c96dcb4a15b6f617651581e1ac,dc01409e0cdd4cd4933ab1ad01706e11
3a23d3596ba5471990539c218d2e0c1e,fdaf884cf25046579be5ec8452eca8e5,a2990a3d71c8412f90a3daff50c7cc1f,e288b1ecf8ea3b2f503ab7c5948a79a9,de8dec806e5c43eea053260871d64aa1,45d3dbb5a0ec40f1ac3540ccff30b597,38c3aa0eea6b4efe99f28cebb1517caf,dc01409e0cdd4cd4933ab1ad01706e11
902b2250d5294b45adfc744a3f5ce071,fdaf884cf25046579be5ec8452eca8e5,a2990a3d71c8412f90a3daff50c7cc1f,a2a04189228f526098224c4adbd2ff71,de8dec806e5c43eea053260871d64aa1,45d3dbb5a0ec40f1ac3540ccff30b597,eaa2f9617b5f4d3ea14424dff86feff8,dc01409e0cdd4cd4933ab1ad01706e11
106d6a917ad64d6f843bb88f2e5b72a4,fdaf884cf25046579be5ec8452eca8e5,a2990a3d71c8412f90a3daff50c7cc1f,0bcb4015b7080d26d06e5b9e540481ef,de8dec806e5c43eea053260871d64aa1,45d3dbb5a0ec40f1ac3540ccff30b597,49645688c48746ac83bd077dcc686bb1,dc01409e0cdd4cd4933ab1ad01706e11
512cac78ee0c4f27a026c35136e3fefd,fdaf884cf25046579be5ec8452eca8e5,a2990a3d71c8412f90a3daff50c7cc1f,353603d8504408ac5cde823017abc00c,de8dec806e5c43eea053260871d64aa1,45d3dbb5a0ec40f1ac3540ccff30b597,121a66bc27e944f699d83c4a4f440b88,dc01409e0cdd4cd4933ab1ad01706e11
7a4763fbf7a54a61bc0de31f747beb51,fdaf884cf25046579be5ec8452eca8e5,a2990a3d71c8412f90a3daff50c7cc1f,f073ca9510981da7dd0c5947e321dd04,de8dec806e5c43eea053260871d64aa1,45d3dbb5a0ec40f1ac3540ccff30b597,f4380ac874b6424da004dfc642a9ebfe,dc01409e0cdd4cd4933ab1ad01706e11
cf0abc9ca3864a4996310d044570824f,fdaf884cf25046579be5ec8452eca8e5,a2990a3d71c8412f90a3daff50c7cc1f,b9384287ff0df673b311f8a1e2e31c8b,de8dec806e5c43eea053260871d64aa1,45d3dbb5a0ec40f1ac3540ccff30b597,964becd14f5c49e1b6f95a09309a3f0d,dc01409e0cdd4cd4933ab1ad01706e11
cae01e9bb4ea4243a612a987af4fc537,fdaf884cf25046579be5ec8452eca8e5,a2990a3d71c8412f90a3daff50c7cc1f,7c9552ca028b0f5118325dfda8e3d936,de8dec806e5c43eea053260871d64aa1,45d3dbb5a0ec40f1ac3540ccff30b597,0bd40fdb84744f028a8e46743e7b3579,dc01409e0cdd4cd4933ab1ad01706e11
4edccb6bf332418fac6a366a11f07461,fdaf884cf25046579be5ec8452eca8e5,a2990a3d71c8412f90a3daff50c7cc1f,34d9563be3574a8e08bfd748020efc90,de8dec806e5c43eea053260871d64aa1,45d3dbb5a0ec40f1ac3540ccff30b597,51e8bcd2aef04d898f06d7f4abd33ea2,dc01409e0cdd4cd4933ab1ad01706e11
6d19da92a469493c8430145e2f365c4c,fdaf884cf25046579be5ec8452eca8e5,a2990a3d71c8412f90a3daff50c7cc1f,66e4fc65106f9846683c8cef17686fa5,de8dec806e5c43eea053260871d64aa1,45d3dbb5a0ec40f1ac3540ccff30b597,4a96d180a7c9492ea7a6eb61c39378e1,dc01409e0cdd4cd4933ab1ad01706e11
4609bee68b364a5281e37b3a4dbe46e7,fdaf884cf25046579be5ec8452eca8e5,a2990a3d71c8412f90a3daff50c7cc1f,3c8274bcb874e59865e3248a8d314e1e,de8dec806e5c43eea053260871d64aa1,45d3dbb5a0ec40f1ac3540ccff30b597,d72822fe847b47129986471d1d398ab3,dc01409e0cdd4cd4933ab1ad01706e11
56deec57ee584593842ae51e3cf7106f,fdaf884cf25046579be5ec8452eca8e5,a2990a3d71c8412f90a3daff50c7cc1f,0198267aa7faa1fb11aa9165e4d8559b,de8dec806e5c43eea053260871d64aa1,45d3dbb5a0ec40f1ac3540ccff30b597,707101df1a1a4e5da9948f92fe78aa58,dc01409e0cdd4cd4933ab1ad01706e11
96cf100d2f934ffc8ec82008d4d9481d,fdaf884cf25046579be5ec8452eca8e5,a2990a3d71c8412f90a3daff50c7cc1f,5a023c10228bc572bccc6fdd4782418e,de8dec806e5c43eea053260871d64aa1,45d3dbb5a0ec40f1ac3540ccff30b597,1fa319e758324fc7837d06d744ff36d1,dc01409e0cdd4cd4933ab1ad01706e11
12c39cafcc8c4e0d886d190f95310b84,fdaf884cf25046579be5ec8452eca8e5,a2990a3d71c8412f90a3daff50c7cc1f,7c39ad07ba207f823b1fbe6d927ce8dd,de8dec806e5c43eea053260871d64aa1,45d3dbb5a0ec40f1ac3540ccff30b597,8dd411ea4e4a4c9ea052620d3c50c622,dc01409e0cdd4cd4933ab1ad01706e11
29847a58a9b04a40ba126b1d6ec2efcb,fdaf884cf25046579be5ec8452eca8e5,a2990a3d71c8412f90a3daff50c7cc1f,59391b92ccdea2d201b7bd268bdb0e47,de8dec806e5c43eea053260871d64aa1,45d3dbb5a0ec40f1ac3540ccff30b597,3445d414932d49d39762be7ab9467ecf,dc01409e0cdd4cd4933ab1ad01706e11
c74f5fb6d36848a6a4bbb30c6ff17850,fdaf884cf25046579be5ec8452eca8e5,a2990a3d71c8412f90a3daff50c7cc1f,7876f3592726fae8a6cb7b6d14664395,de8dec806e5c43eea053260871d64aa1,45d3dbb5a0ec40f1ac3540ccff30b597,ce5bf758046a454db5b8eadcdc23f7da,dc01409e0cdd4cd4933ab1ad01706e11
7d0a94b0934d46b99414bcf859d25485,fdaf884cf25046579be5ec8452eca8e5,a2990a3d71c8412f90a3daff50c7cc1f,d93b8440c2d597dd0576da97c319c3a1,de8dec806e5c43eea053260871d64aa1,45d3dbb5a0ec40f1ac3540ccff30b597,111d6d0d391c4712a1805a0cf26221f3,dc01409e0cdd4cd4933ab1ad01706e11
4d18bad88db34fada0e281a7b475bcc2,fdaf884cf25046579be5ec8452eca8e5,a2990a3d71c8412f90a3daff50c7cc1f,07bd04b8c75bfaf60053ab1b1f2d0bf2,de8dec806e5c43eea053260871d64aa1,45d3dbb5a0ec40f1ac3540ccff30b597,1d02edaaf92a43aab7337dc04c958018,dc01409e0cdd4cd4933ab1ad01706e11
7b210395ee894fa8bbacd358b65f4e6b,fdaf884cf25046579be5ec8452eca8e5,a2990a3d71c8412f90a3daff50c7cc1f,68d3b3e3127231a2cfd9c9a5b619574d,de8dec806e5c43eea053260871d64aa1,45d3dbb5a0ec40f1ac3540ccff30b597,c99236623cb84cef820851101be200b8,dc01409e0cdd4cd4933ab1ad01706e11
53903465536642de88cd1d5c273d01e1,fdaf884cf25046579be5ec8452eca8e5,a2990a3d71c8412f90a3daff50c7cc1f,39f51f0f3cbed4f1af817711d7dcd67c,de8dec806e5c43eea053260871d64aa1,45d3dbb5a0ec40f1ac3540ccff30b597,526e9494415646518c60dc39884028ee,dc01409e0cdd4cd4933ab1ad01706e11
1b28cd51ada941e88f393b6f3cb7cdc1,fdaf884cf25046579be5ec8452eca8e5,a2990a3d71c8412f90a3daff50c7cc1f,1b250c6afa99e00c9c507d245299fa7e,de8dec806e5c43eea053260871d64aa1,45d3dbb5a0ec40f1ac3540ccff30b597,2f5d26f07f90477e910387cafccd82e9,dc01409e0cdd4cd4933ab1ad01706e11
2b68357bb7ca4fe0ab0bb0aca71a0867,fdaf884cf25046579be5ec8452eca8e5,a2990a3d71c8412f90a3daff50c7cc1f,f43935fe44bdad7c23c618d1e5338c75,de8dec806e5c43eea053260871d64aa1,45d3dbb5a0ec40f1ac3540ccff30b597,80f6aae49d4c40d1b95bb425338ea27c,dc01409e0cdd4cd4933ab1ad01706e11
2f3307fbd7ab4b79aedd37acaeb3ae4a,fdaf884cf25046579be5ec8452eca8e5,a2990a3d71c8412f90a3daff50c7cc1f,61a9a7aa1ae71ab497f445e03efd8a15,de8dec806e5c43eea053260871d64aa1,45d3dbb5a0ec40f1ac3540ccff30b597,966812b3c34440618b5a01982c181b53,dc01409e0cdd4cd4933ab1ad01706e11
b78b679aa115404f8d3b4fcdc8b0ac9e,fdaf884cf25046579be5ec8452eca8e5,a2990a3d71c8412f90a3daff50c7cc1f,ff9ca88e40ebb87a6fbdfacb69abefa3,de8dec806e5c43eea053260871d64aa1,45d3dbb5a0ec40f1ac3540ccff30b597,dc1ab9f892464a648b9804c53040ba8d,dc01409e0cdd4cd4933ab1ad01706e11
9445d430b1094fd69d5278119b64779d,fdaf884cf25046579be5ec8452eca8e5,a2990a3d71c8412f90a3daff50c7cc1f,5c47d378eb6a02c2e806ded68cac879f,de8dec806e5c43eea053260871d64aa1,45d3dbb5a0ec40f1ac3540ccff30b597,4f58fc178d834c5fbfbb6b76bbfa7e4e,dc01409e0cdd4cd4933ab1ad01706e11
555f03f8ef14476e98d0bc048e8d454d,fdaf884cf25046579be5ec8452eca8e5,a2990a3d71c8412f90a3daff50c7cc1f,81a7ccc4a6b4c8d5153e99fab3debb19,de8dec806e5c43eea053260871d64aa1,45d3dbb5a0ec40f1ac3540ccff30b597,04a2425569c24153890a6f6d5728a016,dc01409e0cdd4cd4933ab1ad01706e11
b9486f9236f24e5dad637f5b75d5b067,fdaf884cf25046579be5ec8452eca8e5,a2990a3d71c8412f90a3daff50c7cc1f,8f83da3d8d445d57ef3060676709ff1f,de8dec806e5c43eea053260871d64aa1,45d3dbb5a0ec40f1ac3540ccff30b597,0073979a74dd4620b22003024a5aa6c7,dc01409e0cdd4cd4933ab1ad01706e11
fa7bf6b5501947f08e82f038745687f1,fdaf884cf25046579be5ec8452eca8e5,a2990a3d71c8412f90a3daff50c7cc1f,7ad5ebaaa7ff16a5a89c75f3b4d89dcc,de8dec806e5c43eea053260871d64aa1,45d3dbb5a0ec40f1ac3540ccff30b597,cd570aa89ed74648b866527bdd914f1d,dc01409e0cdd4cd4933ab1ad01706e11
306e4c6b9205411fb3af150ece9936da,fdaf884cf25046579be5ec8452eca8e5,a2990a3d71c8412f90a3daff50c7cc1f,6e7346c2936f5727881197b7996a744c,de8dec806e5c43eea053260871d64aa1,45d3dbb5a0ec40f1ac3540ccff30b597,fc1db594c54744acb1d43c48fc39e2ac,dc01409e0cdd4cd4933ab1ad01706e11
cd9a95d7839444f9b5ef30ff303d2162,fdaf884cf25046579be5ec8452eca8e5,a2990a3d71c8412f90a3daff50c7cc1f,e0a3069e58dd6b26810b78b367ccec3c,de8dec806e5c43eea053260871d64aa1,45d3dbb5a0ec40f1ac3540ccff30b597,1db323dd0a1a4877acfbb113676dcbac,dc01409e0cdd4cd4933ab1ad01706e11
542449ddb8ad499dbb197872c8aeffa7,fdaf884cf25046579be5ec8452eca8e5,a2990a3d71c8412f90a3daff50c7cc1f,4d517b540aefd759365e510e7c5a69ec,de8dec806e5c43eea053260871d64aa1,45d3dbb5a0ec40f1ac3540ccff30b597,c39f9dcf31f245d6adeb76adbefc8c6b,dc01409e0cdd4cd4933ab1ad01706e11
6bdca931bdd946a1a0f2425f60143616,fdaf884cf25046579be5ec8452eca8e5,a2990a3d71c8412f90a3daff50c7cc1f,6d9111230f541d9f124176ef0502b84d,de8dec806e5c43eea053260871d64aa1,45d3dbb5a0ec40f1ac3540ccff30b597,f6f5a7f0509c46a380b1ddedb9280c01,dc01409e0cdd4cd4933ab1ad01706e11
6f3cdbf564c141d9b666968da5bbf65c,fdaf884cf25046579be5ec8452eca8e5,a2990a3d71c8412f90a3daff50c7cc1f,ea21b940de935e89f15bceb285bad308,de8dec806e5c43eea053260871d64aa1,45d3dbb5a0ec40f1ac3540ccff30b597,1c690b95946b4fdeb38402b9b6fa6c4f,dc01409e0cdd4cd4933ab1ad01706e11
d80782279bf04c50adc7007197b59933,fdaf884cf25046579be5ec8452eca8e5,a2990a3d71c8412f90a3daff50c7cc1f,cc1411467e204f16a06d7b2514cf62ed,de8dec806e5c43eea053260871d64aa1,45d3dbb5a0ec40f1ac3540ccff30b597,66dc241d4c674e44b0f208ff68bd9232,dc01409e0cdd4cd4933ab1ad01706e11
4723ca53c3fd418cb066ea15da9be544,fdaf884cf25046579be5ec8452eca8e5,a2990a3d71c8412f90a3daff50c7cc1f,404242e82b10b7d5029eae0bda0af0d1,de8dec806e5c43eea053260871d64aa1,45d3dbb5a0ec40f1ac3540ccff30b597,c9809c61e54245c6af01d18a3636e76a,dc01409e0cdd4cd4933ab1ad01706e11
257adf3e02a44d2db4bd80dadf8e2af0,fdaf884cf25046579be5ec8452eca8e5,a2990a3d71c8412f90a3daff50c7cc1f,9de6082569e19ea1ff3b2a35e29695c4,de8dec806e5c43eea053260871d64aa1,45d3dbb5a0ec40f1ac3540ccff30b597,d50efe226c2548ecae3f3a36896bea76,dc01409e0cdd4cd4933ab1ad01706e11
4468f940e4324846afb9c100859f6834,fdaf884cf25046579be5ec8452eca8e5,a2990a3d71c8412f90a3daff50c7cc1f,6ba91f2472b8316ec1f3c7e431253738,de8dec806e5c43eea053260871d64aa1,45d3dbb5a0ec40f1ac3540ccff30b597,ab87c12989da40708f427d7aa5305d7b,dc01409e0cdd4cd4933ab1ad01706e11
8294ef5f65b84163b9941187b4bf5a28,fdaf884cf25046579be5ec8452eca8e5,a2990a3d71c8412f90a3daff50c7cc1f,7e314c6de8544894d917423b326408ff,de8dec806e5c43eea053260871d64aa1,45d3dbb5a0ec40f1ac3540ccff30b597,8c65bc39c3b247e291c930d3b7019bbd,dc01409e0cdd4cd4933ab1ad01706e11
57674ce9f6e1496aaf8133c235509fdb,fdaf884cf25046579be5ec8452eca8e5,a2990a3d71c8412f90a3daff50c7cc1f,44d92b1a9689468c919ef3f28d1d07d7,de8dec806e5c43eea053260871d64aa1,45d3dbb5a0ec40f1ac3540ccff30b597,f4964e2637c7426f8013bdf760509961,dc01409e0cdd4cd4933ab1ad01706e11
a798e813a95b4b98867127ef345dab5f,fdaf884cf25046579be5ec8452eca8e5,a2990a3d71c8412f90a3daff50c7cc1f,e1e2c004039050e9a1529c53cbd1c0f4,de8dec806e5c43eea053260871d64aa1,45d3dbb5a0ec40f1ac3540ccff30b597,f98ecaeaed9d4f52a4102b29e1a3cddc,dc01409e0cdd4cd4933ab1ad01706e11
d99d69284b4647d1b48b218910be6c4c,fdaf884cf25046579be5ec8452eca8e5,a2990a3d71c8412f90a3daff50c7cc1f,8741aab9c328c5c9d98e87c62148e444,de8dec806e5c43eea053260871d64aa1,45d3dbb5a0ec40f1ac3540ccff30b597,b959046c071649c6916c60abda549691,dc01409e0cdd4cd4933ab1ad01706e11
b261fd4a0fe8477a97b19c7499871b5d,fdaf884cf25046579be5ec8452eca8e5,a2990a3d71c8412f90a3daff50c7cc1f,d3844d3d11a6974cafc210dfd04acb70,de8dec806e5c43eea053260871d64aa1,45d3dbb5a0ec40f1ac3540ccff30b597,9cc7dcdb02104a8cb6720de14ee238e0,dc01409e0cdd4cd4933ab1ad01706e11
0a858d9b24ea46d4be18e0f5f0a863ed,fdaf884cf25046579be5ec8452eca8e5,a2990a3d71c8412f90a3daff50c7cc1f,4c28b1686187640b114eee4bda1e2706,de8dec806e5c43eea053260871d64aa1,45d3dbb5a0ec40f1ac3540ccff30b597,0e918374020840139d531b4e7f6843a1,dc01409e0cdd4cd4933ab1ad01706e11
47b1b1756c274a3ea981f959ea7e3aa0,fdaf884cf25046579be5ec8452eca8e5,a2990a3d71c8412f90a3daff50c7cc1f,5d52bd0139aec083f306127c9694a570,de8dec806e5c43eea053260871d64aa1,45d3dbb5a0ec40f1ac3540ccff30b597,ec68e2153c264ef9a7a787a499ee08bd,dc01409e0cdd4cd4933ab1ad01706e11
3f4e5ce9419c45a9b1bc621523a5bcb2,fdaf884cf25046579be5ec8452eca8e5,a2990a3d71c8412f90a3daff50c7cc1f,75ea13be852b09bfb6ff390baf6ccea3,de8dec806e5c43eea053260871d64aa1,45d3dbb5a0ec40f1ac3540ccff30b597,e85f9e99a62b448d995e9dc45394b850,dc01409e0cdd4cd4933ab1ad01706e11
1b963f71a9ce4c87acd7bd494ae4d92d,fdaf884cf25046579be5ec8452eca8e5,a2990a3d71c8412f90a3daff50c7cc1f,9fc62c5130c99ec69441800848ea1911,de8dec806e5c43eea053260871d64aa1,45d3dbb5a0ec40f1ac3540ccff30b597,f545d88f1f1f43c1bf3a3eb42cef319a,dc01409e0cdd4cd4933ab1ad01706e11
ee04e77e55d642899cc29db31660e66b,fdaf884cf25046579be5ec8452eca8e5,a2990a3d71c8412f90a3daff50c7cc1f,2c3cc33c9a5e11f41cfcb7f975ed6fe9,de8dec806e5c43eea053260871d64aa1,45d3dbb5a0ec40f1ac3540ccff30b597,9892973426cb46af857500bde0c58769,dc01409e0cdd4cd4933ab1ad01706e11
94ce7dc34a2c401480d1746d39527a69,fdaf884cf25046579be5ec8452eca8e5,a2990a3d71c8412f90a3daff50c7cc1f,dad629959f40f20f0b6c5f685478ee25,de8dec806e5c43eea053260871d64aa1,45d3dbb5a0ec40f1ac3540ccff30b597,f9af0f28c0d64f479ac36b3696964624,dc01409e0cdd4cd4933ab1ad01706e11
2f5ec49dda744487b96ed65da657d018,fdaf884cf25046579be5ec8452eca8e5,a2990a3d71c8412f90a3daff50c7cc1f,9ffaa398b3576ee8dd60ea7c347f66c9,de8dec806e5c43eea053260871d64aa1,45d3dbb5a0ec40f1ac3540ccff30b597,ebb43d24dfb24953b427f809295f4a3c,dc01409e0cdd4cd4933ab1ad01706e11
645414f1bac943dc86b6682d781fc758,fdaf884cf25046579be5ec8452eca8e5,a2990a3d71c8412f90a3daff50c7cc1f,a9e3a9c6d7933e89ade1b8e6f8a27240,de8dec806e5c43eea053260871d64aa1,45d3dbb5a0ec40f1ac3540ccff30b597,09a9073c8d774b6a916395a32f7c5ae4,dc01409e0cdd4cd4933ab1ad01706e11
dd158b4715cd41e7b030214790277e33,fdaf884cf25046579be5ec8452eca8e5,a2990a3d71c8412f90a3daff50c7cc1f,d34964723fd143a42641d2d473698972,de8dec806e5c43eea053260871d64aa1,45d3dbb5a0ec40f1ac3540ccff30b597,7c43bdb46ff74208af55f3c8f6c2a483,dc01409e0cdd4cd4933ab1ad01706e11
9194f77ea2cb4d77b003fbbf5888bce8,fdaf884cf25046579be5ec8452eca8e5,a2990a3d71c8412f90a3daff50c7cc1f,a014582d9faf3792b890232b1b93b0eb,de8dec806e5c43eea053260871d64aa1,45d3dbb5a0ec40f1ac3540ccff30b597,294e65454fa04db1880715eaa2e126dc,dc01409e0cdd4cd4933ab1ad01706e11
799b3af7809a4f5fa14db9973aff70a0,fdaf884cf25046579be5ec8452eca8e5,a2990a3d71c8412f90a3daff50c7cc1f,b89d4ac16ad5e8de0961c1aa23d59ed6,de8dec806e5c43eea053260871d64aa1,45d3dbb5a0ec40f1ac3540ccff30b597,08182c0761854a0fa33ffc0c6843067f,dc01409e0cdd4cd4933ab1ad01706e11
aed4c1d71a07494da9226ba77b72eb09,fdaf884cf25046579be5ec8452eca8e5,a2990a3d71c8412f90a3daff50c7cc1f,ac3a208490c16e7ccbbdd7c37e8321fe,de8dec806e5c43eea053260871d64aa1,45d3dbb5a0ec40f1ac3540ccff30b597,d54e5130ebba4188ada9dd03aca7048c,dc01409e0cdd4cd4933ab1ad01706e11
1d290ee5e7154a66a736e9274f3df614,fdaf884cf25046579be5ec8452eca8e5,a2990a3d71c8412f90a3daff50c7cc1f,c30801a046f6b37458b3637856a9aa63,de8dec806e5c43eea053260871d64aa1,45d3dbb5a0ec40f1ac3540ccff30b597,6d4e06107e0e45509b86445cb7471a44,dc01409e0cdd4cd4933ab1ad01706e11
d99094d129174357b4febdca944dca6b,fdaf884cf25046579be5ec8452eca8e5,a2990a3d71c8412f90a3daff50c7cc1f,2cdcc80bc510011690ac760146a4bc76,de8dec806e5c43eea053260871d64aa1,45d3dbb5a0ec40f1ac3540ccff30b597,0aa0eb24adb8464abb4f67706d0ad128,dc01409e0cdd4cd4933ab1ad01706e11
cd79e5260f4140fb917c770ca2ad1d54,fdaf884cf25046579be5ec8452eca8e5,a2990a3d71c8412f90a3daff50c7cc1f,2f64efdaa2c2466c01f1203ef0dc0e1f,de8dec806e5c43eea053260871d64aa1,45d3dbb5a0ec40f1ac3540ccff30b597,0ae16538fd474e10bc57af774cce923e,dc01409e0cdd4cd4933ab1ad01706e11
7b9de4f41942401bb58d892ad82fada7,fdaf884cf25046579be5ec8452eca8e5,a2990a3d71c8412f90a3daff50c7cc1f,684f5fb95917a329f21ded536cbd796a,de8dec806e5c43eea053260871d64aa1,45d3dbb5a0ec40f1ac3540ccff30b597,bd1f3adf5d3541a1ba66c11d79204e6e,dc01409e0cdd4cd4933ab1ad01706e11
50655eb402554f79af30748469cc44be,fdaf884cf25046579be5ec8452eca8e5,a2990a3d71c8412f90a3daff50c7cc1f,82dfe351ec322b428b83aee96ee0297f,de8dec806e5c43eea053260871d64aa1,45d3dbb5a0ec40f1ac3540ccff30b597,4c3a314857934e6aaf21bb3fca5d53af,dc01409e0cdd4cd4933ab1ad01706e11
f0e1b81e77504033be67557ab05f2740,fdaf884cf25046579be5ec8452eca8e5,a2990a3d71c8412f90a3daff50c7cc1f,98bd9cbde67d54e27a81885493b18422,de8dec806e5c43eea053260871d64aa1,45d3dbb5a0ec40f1ac3540ccff30b597,8d17f1e8681c4fc7ab062e92d81bbffc,dc01409e0cdd4cd4933ab1ad01706e11
41bddb6f744c45f1a164cb1700bf75cd,fdaf884cf25046579be5ec8452eca8e5,a2990a3d71c8412f90a3daff50c7cc1f,459cf566dd01c504c24257dd80e8d332,de8dec806e5c43eea053260871d64aa1,45d3dbb5a0ec40f1ac3540ccff30b597,13165eedbc534cc8bbf0bfa63b5689b2,dc01409e0cdd4cd4933ab1ad01706e11
905beed33a984ab5a9722f2955c88605,fdaf884cf25046579be5ec8452eca8e5,a2990a3d71c8412f90a3daff50c7cc1f,368b897bcd9e086ea80b6b9d52e35281,de8dec806e5c43eea053260871d64aa1,45d3dbb5a0ec40f1ac3540ccff30b597,7875ee9bbbf54b3e8206e53b017ed8d5,dc01409e0cdd4cd4933ab1ad01706e11
0ebc0ca00f7844fe85ce6fcbcb426927,fdaf884cf25046579be5ec8452eca8e5,a2990a3d71c8412f90a3daff50c7cc1f,8a2cad8350bb2267080a69570c5754cf,de8dec806e5c43eea053260871d64aa1,45d3dbb5a0ec40f1ac3540ccff30b597,fc86d26abaeb4ab6b3eda48763cf17e1,dc01409e0cdd4cd4933ab1ad01706e11
c424ed7f4c7240e69173f7f7eba75fc3,fdaf884cf25046579be5ec8452eca8e5,a2990a3d71c8412f90a3daff50c7cc1f,7634884bfaad3dbb4d0cfcc39fe0ed10,de8dec806e5c43eea053260871d64aa1,45d3dbb5a0ec40f1ac3540ccff30b597,73b1ae7fa92c451ab20abe7b740c612a,dc01409e0cdd4cd4933ab1ad01706e11
a9bdb4b7fb3043729895a3274a5b7b6c,fdaf884cf25046579be5ec8452eca8e5,a2990a3d71c8412f90a3daff50c7cc1f,07787a861a925b6306db41821c5cf0a0,de8dec806e5c43eea053260871d64aa1,45d3dbb5a0ec40f1ac3540ccff30b597,5303bf955e44480e9fb1d4446cd7a74c,dc01409e0cdd4cd4933ab1ad01706e11
73f2945bd53e424bb5317073d2ca9a53,fdaf884cf25046579be5ec8452eca8e5,a2990a3d71c8412f90a3daff50c7cc1f,5c312e8f52209264c7fbd280e68118c2,de8dec806e5c43eea053260871d64aa1,45d3dbb5a0ec40f1ac3540ccff30b597,c5c760799b6f42a7be42628e6293260d,dc01409e0cdd4cd4933ab1ad01706e11
58d4f1c6a01f4f5398c90ea48235281a,fdaf884cf25046579be5ec8452eca8e5,a2990a3d71c8412f90a3daff50c7cc1f,2d20bbe7f520c6bed3382ce96c30388a,de8dec806e5c43eea053260871d64aa1,45d3dbb5a0ec40f1ac3540ccff30b597,3558d172a6f44f248ed5f366011c152d,dc01409e0cdd4cd4933ab1ad01706e11
ec02a1fdc96c44d8aaabdfeadd0cc310,fdaf884cf25046579be5ec8452eca8e5,a2990a3d71c8412f90a3daff50c7cc1f,531b403553670800e3d0efd01e9f4da6,de8dec806e5c43eea053260871d64aa1,45d3dbb5a0ec40f1ac3540ccff30b597,e980180874bc443694509aaff1100ccc,dc01409e0cdd4cd4933ab1ad01706e11
cd699d872e244afe867ccd4aa3d43529,fdaf884cf25046579be5ec8452eca8e5,a2990a3d71c8412f90a3daff50c7cc1f,e44602b3c44e298c4740bd9e324d0ba4,de8dec806e5c43eea053260871d64aa1,45d3dbb5a0ec40f1ac3540ccff30b597,3929e18094ed4278a0b75862dce9844e,dc01409e0cdd4cd4933ab1ad01706e11
2f8d6494e8a6475baf26c3fad01b208d,fdaf884cf25046579be5ec8452eca8e5,a2990a3d71c8412f90a3daff50c7cc1f,bd0ee391353b802178f3dedea81a7bba,de8dec806e5c43eea053260871d64aa1,45d3dbb5a0ec40f1ac3540ccff30b597,03b5a9b300824057adfa088f0475d75a,dc01409e0cdd4cd4933ab1ad01706e11
ac2c19c3f0bd4b34ad34d1aca227958d,fdaf884cf25046579be5ec8452eca8e5,a2990a3d71c8412f90a3daff50c7cc1f,7571b8320d2c250d252db8f74591b42b,de8dec806e5c43eea053260871d64aa1,45d3dbb5a0ec40f1ac3540ccff30b597,34025739886a4ad0880a413781a486d8,dc01409e0cdd4cd4933ab1ad01706e11
e8eeab7a64a7479a913a81f20792c194,fdaf884cf25046579be5ec8452eca8e5,a2990a3d71c8412f90a3daff50c7cc1f,2a111818da36d4867312737c4cf6971c,de8dec806e5c43eea053260871d64aa1,45d3dbb5a0ec40f1ac3540ccff30b597,61f199db26194d26859d7b4b241a65e0,dc01409e0cdd4cd4933ab1ad01706e11
