b81524baff9a4867a2b9949b3a5e6a13,40c8db6314c8496b9ad79f98138db681,dac3e864dde4432cb895726189b0cabc,b55d7f24c4a91f21289eca9d7b9754b5,13abb8e438be42d4ae1f6059214f9321,71349a785a234866901f379a973e6b89,688adbb8c2a64e0399be030bdbe8cc57,656abbb95d7e4aa997e0f05539f55fb0
63b1d7c4e7af4c1fbe60c6bcfc793be6,40c8db6314c8496b9ad79f98138db681,dac3e864dde4432cb895726189b0cabc,3e033463aac3091755b0691577e9c247,13abb8e438be42d4ae1f6059214f9321,71349a785a234866901f379a973e6b89,7f20ca97d9034a04a0e61cfeaf0ea8ee,656abbb95d7e4aa997e0f05539f55fb0
880161ba3f214766a74f2334c3c34c22,40c8db6314c8496b9ad79f98138db681,dac3e864dde4432cb895726189b0cabc,40f554fca7c152ff4806a808abbf9a7a,13abb8e438be42d4ae1f6059214f9321,71349a785a234866901f379a973e6b89,cffc3af47bb448e882ac976599620e7b,656abbb95d7e4aa997e0f05539f55fb0
497fda962beb49fda0771d2d68ec282e,40c8db6314c8496b9ad79f98138db681,dac3e864dde4432cb895726189b0cabc,2a53860ca089923e5ac5f77fb236a877,13abb8e438be42d4ae1f6059214f9321,71349a785a234866901f379a973e6b89,cbb4f0fb5834402ea5c4cbbf77a1fd66,656abbb95d7e4aa997e0f05539f55fb0
0a49c95a6a2d47dd86cbf3c134f445b1,40c8db6314c8496b9ad79f98138db681,dac3e864dde4432cb895726189b0cabc,18439e056f0f08e5009032df5c059fcb,13abb8e438be42d4ae1f6059214f9321,71349a785a234866901f379a973e6b89,44d0fe5f5fda436fb492243c8465b4f2,656abbb95d7e4aa997e0f05539f55fb0
dea7bdb1c4554c678e0d575c534b7050,40c8db6314c8496b9ad79f98138db681,dac3e864dde4432cb895726189b0cabc,8b1c058f7d7d439f82a595143b651666,13abb8e438be42d4ae1f6059214f9321,71349a785a234866901f379a973e6b89,c9d55bfbb6d34ce3aa1b949ba6ecac46,656abbb95d7e4aa997e0f05539f55fb0
7ac1bfadcc60469ead996dbccc4a8971,40c8db6314c8496b9ad79f98138db681,dac3e864dde4432cb895726189b0cabc,f830cff281f03961f8ba99681f6cbf6d,13abb8e438be42d4ae1f6059214f9321,71349a785a234866901f379a973e6b89,b09fef29ea8641678c1b1eb0002e1dd4,656abbb95d7e4aa997e0f05539f55fb0
fcca2376f6704fc9950e2b9658a9a821,40c8db6314c8496b9ad79f98138db681,dac3e864dde4432cb895726189b0cabc,f5ea79939cee889f7887906e5b6fa546,13abb8e438be42d4ae1f6059214f9321,71349a785a234866901f379a973e6b89,67322b897d1e465795100b226afc33a2,656abbb95d7e4aa997e0f05539f55fb0
81df58032c414fad94f3421bb5aa4cc0,40c8db6314c8496b9ad79f98138db681,dac3e864dde4432cb895726189b0cabc,9f947a9d4f7ff7e742fb666d43bb48f6,13abb8e438be42d4ae1f6059214f9321,71349a785a234866901f379a973e6b89,79d8b8f5ff82427cb2994c7f6a2fd498,656abbb95d7e4aa997e0f05539f55fb0
83202a8dee9d442d87a8c72a628c7da8,40c8db6314c8496b9ad79f98138db681,dac3e864dde4432cb895726189b0cabc,5c0f3fada3268a45e7573fffc01b11b2,13abb8e438be42d4ae1f6059214f9321,71349a785a234866901f379a973e6b89,d7d12584a9ce46cdb378728e3976c8e9,656abbb95d7e4aa997e0f05539f55fb0
