0aeab010bd8346d0990eec5699fc60a4,c62c52ab6d464da898fdf0616123bcb5,4ec5272674d44216ad040083bef770cf,7eb5638be2380b2e941b0030f0d9a48c,03620cc739574d05a05029bbcbb3970d,26a9178f92a74838be64924b1c628f0e,8c6534c8914f425bb28833b51192b934,7a65184cb95b40d4a78feaa796096699
0b14d1784992412fb40da140b57df131,c62c52ab6d464da898fdf0616123bcb5,4ec5272674d44216ad040083bef770cf,102563ad25eb0cd0a036cf0aa862bb72,03620cc739574d05a05029bbcbb3970d,26a9178f92a74838be64924b1c628f0e,1780dda57293453bb0236daa42335be5,7a65184cb95b40d4a78feaa796096699
2b604f01a6f64ccc9ecbc4b92c87d133,c62c52ab6d464da898fdf0616123bcb5,4ec5272674d44216ad040083bef770cf,0001b708ed2c23aea9d59fde27636f1d,03620cc739574d05a05029bbcbb3970d,26a9178f92a74838be64924b1c628f0e,6b44f7fc6e004d04a8bd9eae588f5401,7a65184cb95b40d4a78feaa796096699
b3286e0a7e5e4986b7d29bdf24c8956b,c62c52ab6d464da898fdf0616123bcb5,4ec5272674d44216ad040083bef770cf,0a49495712ac2d002721043ea338b6f2,03620cc739574d05a05029bbcbb3970d,26a9178f92a74838be64924b1c628f0e,80962fa8313f4a50ba0e46fa10b4da93,7a65184cb95b40d4a78feaa796096699
30eea1499ed94a558c4901cce2a3473a,c62c52ab6d464da898fdf0616123bcb5,4ec5272674d44216ad040083bef770cf,3856ec5948a93fb6f1ea7e6b77189ece,03620cc739574d05a05029bbcbb3970d,26a9178f92a74838be64924b1c628f0e,e235d48c69064a109acf64eeaadf9ca6,7a65184cb95b40d4a78feaa796096699
ba77b4940b984675bb86b502964f7797,c62c52ab6d464da898fdf0616123bcb5,4ec5272674d44216ad040083bef770cf,ba9443bb9fc8d462566294184b64593e,03620cc739574d05a05029bbcbb3970d,26a9178f92a74838be64924b1c628f0e,78a96319ddc144ce8e662e6c1a4fc455,7a65184cb95b40d4a78feaa796096699
23f9c9e2546e4d2197f9247d8e4f3260,c62c52ab6d464da898fdf0616123bcb5,4ec5272674d44216ad040083bef770cf,9ce0f82cef49862154529b3b661984db,03620cc739574d05a05029bbcbb3970d,26a9178f92a74838be64924b1c628f0e,a0f70f3aa3e14f10912bf3addb237213,7a65184cb95b40d4a78feaa796096699
a1bda4b539e74243844c09597c018578,c62c52ab6d464da898fdf0616123bcb5,4ec5272674d44216ad040083bef770cf,a93ca31f27231da46946323d30874a6c,03620cc739574d05a05029bbcbb3970d,26a9178f92a74838be64924b1c628f0e,cc820bcbe7d8410ebfea0d006b18c653,7a65184cb95b40d4a78feaa796096699
f4ffed62b0f54094aa04871db52fbd12,c62c52ab6d464da898fdf0616123bcb5,4ec5272674d44216ad040083bef770cf,f7dad0c3407d1243afbf0c2c9447a899,03620cc739574d05a05029bbcbb3970d,26a9178f92a74838be64924b1c628f0e,3fdfd13dfbcc4c31a6d0bdef286d7496,7a65184cb95b40d4a78feaa796096699
adae7576b579424a8679675037238d03,c62c52ab6d464da898fdf0616123bcb5,4ec5272674d44216ad040083bef770cf,fcc7c7d50be0e344d94e9f4dd2a60448,03620cc739574d05a05029bbcbb3970d,26a9178f92a74838be64924b1c628f0e,c3f34fb53f8142108e8d986c21e722e2,7a65184cb95b40d4a78feaa796096699
52aeb75baf5a45d7976c3665edc349e0,c62c52ab6d464da898fdf0616123bcb5,4ec5272674d44216ad040083bef770cf,0d6ad44dd0345e7574c0dd327aac6313,03620cc739574d05a05029bbcbb3970d,26a9178f92a74838be64924b1c628f0e,a683aebc5db6459c81810ebdaec015c0,7a65184cb95b40d4a78feaa796096699
0cb76a360f0d446abe9b6da110b3c52f,c62c52ab6d464da898fdf0616123bcb5,4ec5272674d44216ad040083bef770cf,ba3e5fcb4aca1fa8f63df31dc0a90f87,03620cc739574d05a05029bbcbb3970d,26a9178f92a74838be64924b1c628f0e,e7f9badbabf24cafb9e3713800e2d9f8,7a65184cb95b40d4a78feaa796096699
4331fb295eb84b7f96f5637f67ca93db,c62c52ab6d464da898fdf0616123bcb5,4ec5272674d44216ad040083bef770cf,0aab45d042c23ae99dc9e60d3de95e91,03620cc739574d05a05029bbcbb3970d,26a9178f92a74838be64924b1c628f0e,e12ffd680ddb4808904039f7575635f8,7a65184cb95b40d4a78feaa796096699
580086ac128c4307b89d3f35d8dcaf0a,c62c52ab6d464da898fdf0616123bcb5,4ec5272674d44216ad040083bef770cf,f1d18882a08601db0fc81d8ad2b4bc14,03620cc739574d05a05029bbcbb3970d,26a9178f92a74838be64924b1c628f0e,12c3966ff8a540698217494ffd9dc5e2,7a65184cb95b40d4a78feaa796096699
931a51e1d298407f8be61dd02c5c6924,c62c52ab6d464da898fdf0616123bcb5,4ec5272674d44216ad040083bef770cf,21f089baa00343338780c8992c0b833f,03620cc739574d05a05029bbcbb3970d,26a9178f92a74838be64924b1c628f0e,ab7a0eb10e644028b4baae2489fa9a08,7a65184cb95b40d4a78feaa796096699
2dce187fc32846fcb44fc1436172fc93,c62c52ab6d464da898fdf0616123bcb5,4ec5272674d44216ad040083bef770cf,f7f45fa68ceb68cb61009c54efb7e95b,03620cc739574d05a05029bbcbb3970d,26a9178f92a74838be64924b1c628f0e,4e0dd7c7461642f9a59ae91ac733d0f5,7a65184cb95b40d4a78feaa796096699
c47994249eb9425dab13f026cbd9ac5b,c62c52ab6d464da898fdf0616123bcb5,4ec5272674d44216ad040083bef770cf,56b3427b293cd16a3385bd2015c0c0cc,03620cc739574d05a05029bbcbb3970d,26a9178f92a74838be64924b1c628f0e,d35cee779a53443fb75300857906ccad,7a65184cb95b40d4a78feaa796096699
0c196323ff4b42d68ab7008d38764948,c62c52ab6d464da898fdf0616123bcb5,4ec5272674d44216ad040083bef770cf,8a25f7e5a059e80f30c44c70951fc327,03620cc739574d05a05029bbcbb3970d,26a9178f92a74838be64924b1c628f0e,ce66d905073846e4b5c3feb3d421bff5,7a65184cb95b40d4a78feaa796096699
774cbe1b7db14225aaa52383fd6bff83,c62c52ab6d464da898fdf0616123bcb5,4ec5272674d44216ad040083bef770cf,45ef806fc4142020b5391e0eb96aa73c,03620cc739574d05a05029bbcbb3970d,26a9178f92a74838be64924b1c628f0e,16e7ab40b5d841eea06da22a1fd1c0d7,7a65184cb95b40d4a78feaa796096699
297b2e3139b346dc8ab0471348070e73,c62c52ab6d464da898fdf0616123bcb5,4ec5272674d44216ad040083bef770cf,e9e5bbdb8476d1410bdce62fa41185bd,03620cc739574d05a05029bbcbb3970d,26a9178f92a74838be64924b1c628f0e,54ba8d651f7b474898c37326984912f2,7a65184cb95b40d4a78feaa796096699
c906df9aaa3d4009a129d26837e314e6,c62c52ab6d464da898fdf0616123bcb5,4ec5272674d44216ad040083bef770cf,0aa0b49eac9d90153cfad34694088736,03620cc739574d05a05029bbcbb3970d,26a9178f92a74838be64924b1c628f0e,4dda1e158efc4192b3fa54397758abac,7a65184cb95b40d4a78feaa796096699
db65a0bcb65f452e9ea9dd7877d787cd,c62c52ab6d464da898fdf0616123bcb5,4ec5272674d44216ad040083bef770cf,e8c09a405c70ff5cf7a32e4c3292d951,03620cc739574d05a05029bbcbb3970d,26a9178f92a74838be64924b1c628f0e,3ec3c5cc4e5748b991ce27985a50b0b5,7a65184cb95b40d4a78feaa796096699
7d0ffca67a4b40e0b383313f9cc4550e,c62c52ab6d464da898fdf0616123bcb5,4ec5272674d44216ad040083bef770cf,2c968bb9264ab44d4bce992345d74f0a,03620cc739574d05a05029bbcbb3970d,26a9178f92a74838be64924b1c628f0e,bf378653f1e74e0ebb83d9039d8d17fa,7a65184cb95b40d4a78feaa796096699
fed236e8948c48b4a8f6c38a9dbcfe2a,c62c52ab6d464da898fdf0616123bcb5,4ec5272674d44216ad040083bef770cf,028d1d5ff7320b4bafd78f336c73bc08,03620cc739574d05a05029bbcbb3970d,26a9178f92a74838be64924b1c628f0e,2d9f2bc3e2ee480eada035d41fb961a6,7a65184cb95b40d4a78feaa796096699
84362ce17b0e446babb24a6eedc0bc8c,c62c52ab6d464da898fdf0616123bcb5,4ec5272674d44216ad040083bef770cf,3885253122c05794f556009079b4a9da,03620cc739574d05a05029bbcbb3970d,26a9178f92a74838be64924b1c628f0e,f5be5a13422c4aea9f234ab21cb53d13,7a65184cb95b40d4a78feaa796096699
989b73fafad44b1dac99b666fd4b1643,c62c52ab6d464da898fdf0616123bcb5,4ec5272674d44216ad040083bef770cf,4042d3a531139febd2f08f3736291915,03620cc739574d05a05029bbcbb3970d,26a9178f92a74838be64924b1c628f0e,ea9db232687c48cb81bf5389f4b70a59,7a65184cb95b40d4a78feaa796096699
e82cebcec644481cb2aecce2ac5f35e1,c62c52ab6d464da898fdf0616123bcb5,4ec5272674d44216ad040083bef770cf,b5a980d5931788ae62882a4f0f17811e,03620cc739574d05a05029bbcbb3970d,26a9178f92a74838be64924b1c628f0e,7b2101c625ad43769dd35fd5c2cfd9d6,7a65184cb95b40d4a78feaa796096699
1e9e31af3e3e47faaf7a7f93cf10fbba,c62c52ab6d464da898fdf0616123bcb5,4ec5272674d44216ad040083bef770cf,c6e3fa874b12f8d78ae63cc36e6dbeb2,03620cc739574d05a05029bbcbb3970d,26a9178f92a74838be64924b1c628f0e,389a0c6e2b374bf38901795afe045050,7a65184cb95b40d4a78feaa796096699
dd1f04ace38045f7bb550782c181d4f8,c62c52ab6d464da898fdf0616123bcb5,4ec5272674d44216ad040083bef770cf,1f1273bce2a63a7b14e7448e1870a279,03620cc739574d05a05029bbcbb3970d,26a9178f92a74838be64924b1c628f0e,32020db6057a4d14b28fb8871812eca2,7a65184cb95b40d4a78feaa796096699
953c32e7e1af4cb7bc4fa9770d859505,c62c52ab6d464da898fdf0616123bcb5,4ec5272674d44216ad040083bef770cf,d3ba6e610d1eaa0add1fe327faec674e,03620cc739574d05a05029bbcbb3970d,26a9178f92a74838be64924b1c628f0e,ef2ad6971506449485552ddd6ecb3e51,7a65184cb95b40d4a78feaa796096699
1141794be40a434a9bf20f5b9aa5d1ad,c62c52ab6d464da898fdf0616123bcb5,4ec5272674d44216ad040083bef770cf,1862bc660b3382bc998fd4965b8bbaa6,03620cc739574d05a05029bbcbb3970d,26a9178f92a74838be64924b1c628f0e,df78e261724c40808767f9dd33035aa2,7a65184cb95b40d4a78feaa796096699
3625fd6e3019460f870620bc35c5fe01,c62c52ab6d464da898fdf0616123bcb5,4ec5272674d44216ad040083bef770cf,e11f53a9c19a0e349991a8b27f7e2e0a,03620cc739574d05a05029bbcbb3970d,26a9178f92a74838be64924b1c628f0e,d999481795b64b6185b1be86dffffefd,7a65184cb95b40d4a78feaa796096699
170450e3ab2946a3acf44a297eaed6c4,c62c52ab6d464da898fdf0616123bcb5,4ec5272674d44216ad040083bef770cf,be4783ec8252f4dbfa9be04e2ef19e79,03620cc739574d05a05029bbcbb3970d,26a9178f92a74838be64924b1c628f0e,c7cd7b79dc0b4b0cb2285f3a396197cd,7a65184cb95b40d4a78feaa796096699
10e9617fb9284b0b8aaf5e264f689def,c62c52ab6d464da898fdf0616123bcb5,4ec5272674d44216ad040083bef770cf,e931b3932a02d2571a4cb7c2d3969138,03620cc739574d05a05029bbcbb3970d,26a9178f92a74838be64924b1c628f0e,255d14f9eec74ae0a8b030de755002c1,7a65184cb95b40d4a78feaa796096699
c3696d1cc8ad4f7e8d276a11ea489b27,c62c52ab6d464da898fdf0616123bcb5,4ec5272674d44216ad040083bef770cf,63cfb25d235074f25513cab6e78ff74d,03620cc739574d05a05029bbcbb3970d,26a9178f92a74838be64924b1c628f0e,602cd60875834979a6dd34e1fe7b8c4a,7a65184cb95b40d4a78feaa796096699
7b0a9b1c56794bf4bb0957d79cf4c827,c62c52ab6d464da898fdf0616123bcb5,4ec5272674d44216ad040083bef770cf,ab7c53cab6a91820893f250e384dc2ba,03620cc739574d05a05029bbcbb3970d,26a9178f92a74838be64924b1c628f0e,b5bc9eb4abc64b74aba92e54fe002808,7a65184cb95b40d4a78feaa796096699
1f4f4b1fa98446be9b7e42a98d8ccb70,c62c52ab6d464da898fdf0616123bcb5,4ec5272674d44216ad040083bef770cf,944d53dd0ee3aff3cd01d1e5511ad604,03620cc739574d05a05029bbcbb3970d,26a9178f92a74838be64924b1c628f0e,4809380de24a4e0380c4b27b57d48944,7a65184cb95b40d4a78feaa796096699
94baea35a8644b7fbdac46bd97aad866,c62c52ab6d464da898fdf0616123bcb5,4ec5272674d44216ad040083bef770cf,7fb3b74e086a5e45bc16ca8bcb5096cc,03620cc739574d05a05029bbcbb3970d,26a9178f92a74838be64924b1c628f0e,dd643c57f4a64c5b9b081cdb116c8895,7a65184cb95b40d4a78feaa796096699
3d655fcfd967480085ffbffce7f10251,c62c52ab6d464da898fdf0616123bcb5,4ec5272674d44216ad040083bef770cf,6935bfa4db51c8f2339f036107e6b84f,03620cc739574d05a05029bbcbb3970d,26a9178f92a74838be64924b1c628f0e,1faca2ffeaa5469eadfae3480cdabed4,7a65184cb95b40d4a78feaa796096699
e88a49cfdbc4403a95e92659d864af98,c62c52ab6d464da898fdf0616123bcb5,4ec5272674d44216ad040083bef770cf,29421d968a95ddf25769390753c0356c,03620cc739574d05a05029bbcbb3970d,26a9178f92a74838be64924b1c628f0e,0355070d071540938bb04a1fa740e6e1,7a65184cb95b40d4a78feaa796096699
161ac42f6fa748bbbc421254259b664c,c62c52ab6d464da898fdf0616123bcb5,4ec5272674d44216ad040083bef770cf,c87cb8d13ebf49b5f2b21825277d1ced,03620cc739574d05a05029bbcbb3970d,26a9178f92a74838be64924b1c628f0e,3664ea6befc54f82ae3e47197ae76fdd,7a65184cb95b40d4a78feaa796096699
3439f2678ad24dcf9bab5a154fbab5ec,c62c52ab6d464da898fdf0616123bcb5,4ec5272674d44216ad040083bef770cf,f495382110a808dc3a6a4c1ccfede0a5,03620cc739574d05a05029bbcbb3970d,26a9178f92a74838be64924b1c628f0e,9c463a44b8d14d049181c4b4e98673e2,7a65184cb95b40d4a78feaa796096699
cc7c8dc176dc4818a60420ffc27763e2,c62c52ab6d464da898fdf0616123bcb5,4ec5272674d44216ad040083bef770cf,9488273cdf98b84fed7fb8619eab6350,03620cc739574d05a05029bbcbb3970d,26a9178f92a74838be64924b1c628f0e,b75d83915b814fbc95d62990304e5035,7a65184cb95b40d4a78feaa796096699
378667916aec459fa38ebc9a0847cd3f,c62c52ab6d464da898fdf0616123bcb5,4ec5272674d44216ad040083bef770cf,3eee5006f9ade6bbf4c52f5072f80822,03620cc739574d05a05029bbcbb3970d,26a9178f92a74838be64924b1c628f0e,404fd52e52fc45ec9e00589a7f46de33,7a65184cb95b40d4a78feaa796096699
96edd22320ce4ca580566fe91138ff2a,c62c52ab6d464da898fdf0616123bcb5,4ec5272674d44216ad040083bef770cf,072caca9a469d5bb1a231f779d8aa713,03620cc739574d05a05029bbcbb3970d,26a9178f92a74838be64924b1c628f0e,70d82482d2784258850c8547e8acedac,7a65184cb95b40d4a78feaa796096699
b54b76d1c08543edbcd36412afbca5d0,c62c52ab6d464da898fdf0616123bcb5,4ec5272674d44216ad040083bef770cf,d919f1b22225adfbe555c0bf748507bc,03620cc739574d05a05029bbcbb3970d,26a9178f92a74838be64924b1c628f0e,bdb60393a3e243c0bd326258ca99b924,7a65184cb95b40d4a78feaa796096699
e2b4fe7228644617a7416bcab01ed7dc,c62c52ab6d464da898fdf0616123bcb5,4ec5272674d44216ad040083bef770cf,e1f643ffd04e412defc941d8857bf0ad,03620cc739574d05a05029bbcbb3970d,26a9178f92a74838be64924b1c628f0e,84e69d4e22a746bca12c2edcba59ddd5,7a65184cb95b40d4a78feaa796096699
5333c1b674a7455f9e82bd1c91ab6d98,c62c52ab6d464da898fdf0616123bcb5,4ec5272674d44216ad040083bef770cf,e685fd69ae3300112a34c6103826d0d3,03620cc739574d05a05029bbcbb3970d,26a9178f92a74838be64924b1c628f0e,eb949c32b739498288fd384d498cdf6a,7a65184cb95b40d4a78feaa796096699
46028950e50a4b5fa3b1646668fff0d1,c62c52ab6d464da898fdf0616123bcb5,4ec5272674d44216ad040083bef770cf,dc8364ba6c9de4506d1217576b42e103,03620cc739574d05a05029bbcbb3970d,26a9178f92a74838be64924b1c628f0e,fdd6bcb72d284b7fba69d1dd9ed3ec9b,7a65184cb95b40d4a78feaa796096699
f7791925ed834a96b9ab1178614aca01,c62c52ab6d464da898fdf0616123bcb5,4ec5272674d44216ad040083bef770cf,25c57c361868af3b6cb82e75696223fe,03620cc739574d05a05029bbcbb3970d,26a9178f92a74838be64924b1c628f0e,710a07396f5545d3a499a181a3e5ead3,7a65184cb95b40d4a78feaa796096699
3d41560d50da4eaf8ec2ae7d3140810a,c62c52ab6d464da898fdf0616123bcb5,4ec5272674d44216ad040083bef770cf,59254fc7826217308996bd231a27b20e,03620cc739574d05a05029bbcbb3970d,26a9178f92a74838be64924b1c628f0e,2d91c491ccf44e9b89a139aa46de3619,7a65184cb95b40d4a78feaa796096699
1c384f474d4146e89e4c833f837ce873,c62c52ab6d464da898fdf0616123bcb5,4ec5272674d44216ad040083bef770cf,2caaa8f854288c2078b8d2802ffbcfb7,03620cc739574d05a05029bbcbb3970d,26a9178f92a74838be64924b1c628f0e,4abcc776cce04757a723030e779c89c2,7a65184cb95b40d4a78feaa796096699
57ee08357afe419993d5a74c2fb1af36,c62c52ab6d464da898fdf0616123bcb5,4ec5272674d44216ad040083bef770cf,9530884ff8a5d27f44ae518a4f6d4d69,03620cc739574d05a05029bbcbb3970d,26a9178f92a74838be64924b1c628f0e,4344708897424faa99c973d370e6e9d1,7a65184cb95b40d4a78feaa796096699
a22717084d864e998f7e8af9f43667a9,c62c52ab6d464da898fdf0616123bcb5,4ec5272674d44216ad040083bef770cf,c566f2a0e1ca1aabcda4d91413094a65,03620cc739574d05a05029bbcbb3970d,26a9178f92a74838be64924b1c628f0e,0d0027470edf427c9eca77f8bd8efeb6,7a65184cb95b40d4a78feaa796096699
825e1a65346d4fe7b116f7bbb2513c40,c62c52ab6d464da898fdf0616123bcb5,4ec5272674d44216ad040083bef770cf,b7e947e56c29c198ecdf47a5634bd3a8,03620cc739574d05a05029bbcbb3970d,26a9178f92a74838be64924b1c628f0e,66e4c54aba594920afee970d1c4ccbe4,7a65184cb95b40d4a78feaa796096699
2ed749f02b3642a0901086cb80bcdd7a,c62c52ab6d464da898fdf0616123bcb5,4ec5272674d44216ad040083bef770cf,4e86f71f2a92d2007b5796707c2b871e,03620cc739574d05a05029bbcbb3970d,26a9178f92a74838be64924b1c628f0e,1da966ec1b424a9b9b009b274125a810,7a65184cb95b40d4a78feaa796096699
9c63e5cb79414c3cabb91752576e1df3,c62c52ab6d464da898fdf0616123bcb5,4ec5272674d44216ad040083bef770cf,4be94c6f7d972b926bf8ba00a9bfcd06,03620cc739574d05a05029bbcbb3970d,26a9178f92a74838be64924b1c628f0e,16c54ba230ba40dbbdbe063690caa3e8,7a65184cb95b40d4a78feaa796096699
872563da76f846e9b1a7a16eed8fd24c,c62c52ab6d464da898fdf0616123bcb5,4ec5272674d44216ad040083bef770cf,41b4fba115f2bafdb795dc7b84c2b307,03620cc739574d05a05029bbcbb3970d,26a9178f92a74838be64924b1c628f0e,25a51003e0c64aa5b21815c13f78f4e8,7a65184cb95b40d4a78feaa796096699
d7d3bc73e2d341e9a0d91b27f0c22b5f,c62c52ab6d464da898fdf0616123bcb5,4ec5272674d44216ad040083bef770cf,204353e3e127a23655cc2bcbbc768d7b,03620cc739574d05a05029bbcbb3970d,26a9178f92a74838be64924b1c628f0e,bc8c4f8bdd9e4418997f4e2351e237b2,7a65184cb95b40d4a78feaa796096699
9dd7194f180a4e4a8d4b449e7e93c985,c62c52ab6d464da898fdf0616123bcb5,4ec5272674d44216ad040083bef770cf,85925db42b289eaa9d6a98d5fd5e15b5,03620cc739574d05a05029bbcbb3970d,26a9178f92a74838be64924b1c628f0e,19c15bef589b42fbb123eeb555caefe0,7a65184cb95b40d4a78feaa796096699
360bd73ccaeb4ddcb94ebe7e20ec7bc6,c62c52ab6d464da898fdf0616123bcb5,4ec5272674d44216ad040083bef770cf,c9e476c451c1c781eb8ec17e284e4635,03620cc739574d05a05029bbcbb3970d,26a9178f92a74838be64924b1c628f0e,129a435b29824126b37ed87d40e6bbda,7a65184cb95b40d4a78feaa796096699
e5e9adfeec1746aebaa8906a56f2b02b,c62c52ab6d464da898fdf0616123bcb5,4ec5272674d44216ad040083bef770cf,9c9eb2e04b778ebfd9e39d53e0b90672,03620cc739574d05a05029bbcbb3970d,26a9178f92a74838be64924b1c628f0e,9921773877844a84aba5a1a5c7fd63a3,7a65184cb95b40d4a78feaa796096699
e7403eeb90804a13ba14f0c9cad8a160,c62c52ab6d464da898fdf0616123bcb5,4ec5272674d44216ad040083bef770cf,fbe3ea1ca19ec044526f46d7d7a330e9,03620cc739574d05a05029bbcbb3970d,26a9178f92a74838be64924b1c628f0e,b6680c260dd2482ab3b1e17f9adfe40d,7a65184cb95b40d4a78feaa796096699
04aba0474985442d91a7165e4cd4fa15,c62c52ab6d464da898fdf0616123bcb5,4ec5272674d44216ad040083bef770cf,94e1de881ae51c10762884bd51f86c54,03620cc739574d05a05029bbcbb3970d,26a9178f92a74838be64924b1c628f0e,cf8e6cd8ff834e41b806d1d302ddfaff,7a65184cb95b40d4a78feaa796096699
9cf863562c354b1d947c2c2be08f4d14,c62c52ab6d464da898fdf0616123bcb5,4ec5272674d44216ad040083bef770cf,16908d0929b0bb0950f7fdc6ba0e70d9,03620cc739574d05a05029bbcbb3970d,26a9178f92a74838be64924b1c628f0e,f1fb8682bd904cfb8c17638bc6118679,7a65184cb95b40d4a78feaa796096699
e746ef27872c45fbb5b85d254f3cb340,c62c52ab6d464da898fdf0616123bcb5,4ec5272674d44216ad040083bef770cf,69265d03cd9043b83845164b94f35735,03620cc739574d05a05029bbcbb3970d,26a9178f92a74838be64924b1c628f0e,48f9af38372b4e4398b602fb0214a93d,7a65184cb95b40d4a78feaa796096699
b02b1343f5784c3ea2b514e80e3400fe,c62c52ab6d464da898fdf0616123bcb5,4ec5272674d44216ad040083bef770cf,e54f2db2d7cd57099191ec3525f03342,03620cc739574d05a05029bbcbb3970d,26a9178f92a74838be64924b1c628f0e,537b2139c5cc41f5b1bdc454849ea242,7a65184cb95b40d4a78feaa796096699
971d122ac19546b284cf1e55963f015b,c62c52ab6d464da898fdf0616123bcb5,4ec5272674d44216ad040083bef770cf,bead3053b168dbd0aa8f0416df5c0767,03620cc739574d05a05029bbcbb3970d,26a9178f92a74838be64924b1c628f0e,31ed4f356d7a417898679cd7a75e2f7c,7a65184cb95b40d4a78feaa796096699
29e9e9b45be04993bff6a0398f50a2ed,c62c52ab6d464da898fdf0616123bcb5,4ec5272674d44216ad040083bef770cf,1fe719d51ababb83c2d6136ec0d4401f,03620cc739574d05a05029bbcbb3970d,26a9178f92a74838be64924b1c628f0e,ff798388d0c44b498aa731c46a2a92f5,7a65184cb95b40d4a78feaa796096699
fa5e5f0a91b64461869ae2e1c64129a5,c62c52ab6d464da898fdf0616123bcb5,4ec5272674d44216ad040083bef770cf,5dbe591962d02ed6e0eeaaf9cdd4528f,03620cc739574d05a05029bbcbb3970d,26a9178f92a74838be64924b1c628f0e,5cb1e54b3f654a949245a377df81e3a4,7a65184cb95b40d4a78feaa796096699
f782d4b15f0642c1b0547989c8e02b2d,c62c52ab6d464da898fdf0616123bcb5,4ec5272674d44216ad040083bef770cf,4b08fdaeaccdf745b1d1f28e1cb50ef0,03620cc739574d05a05029bbcbb3970d,26a9178f92a74838be64924b1c628f0e,129212ef81214be8957a49bc9d9099be,7a65184cb95b40d4a78feaa796096699
9755cfed32d34b83b66e051f1c287f6a,c62c52ab6d464da898fdf0616123bcb5,4ec5272674d44216ad040083bef770cf,44b16157ba27c0143da98ede736618c0,03620cc739574d05a05029bbcbb3970d,26a9178f92a74838be64924b1c628f0e,138f48b417654c14898a04e85aca7281,7a65184cb95b40d4a78feaa796096699
357e9d22fdd54f9f9eabe70329aa1b22,c62c52ab6d464da898fdf0616123bcb5,4ec5272674d44216ad040083bef770cf,e3927a854a4cbaf3157d1464b2b4bdb0,03620cc739574d05a05029bbcbb3970d,26a9178f92a74838be64924b1c628f0e,ea9331ab502c45f5ae6a0ae8f8d17474,7a65184cb95b40d4a78feaa796096699
74f7383d642f47829c790bf23495d37e,c62c52ab6d464da898fdf0616123bcb5,4ec5272674d44216ad040083bef770cf,63f5eca0dadb5e7b932a06bb47a4950b,03620cc739574d05a05029bbcbb3970d,26a9178f92a74838be64924b1c628f0e,fb276c66c9844015b4bb6f4084dd1f1b,7a65184cb95b40d4a78feaa796096699
b8a42702c4d145a38bb868d722c3c4db,c62c52ab6d464da898fdf0616123bcb5,4ec5272674d44216ad040083bef770cf,65b9cc3ee80816b9995e6a728e9e5d2e,03620cc739574d05a05029bbcbb3970d,26a9178f92a74838be64924b1c628f0e,aa6bed8ddeab4573b9e3e0b3d8ce048d,7a65184cb95b40d4a78feaa796096699
5cd0e31a4a46469b84a96b4a03e79cce,c62c52ab6d464da898fdf0616123bcb5,4ec5272674d44216ad040083bef770cf,216dd368dcb8a9376f1207b75ece3233,03620cc739574d05a05029bbcbb3970d,26a9178f92a74838be64924b1c628f0e,5c13704f6a6b4ffdbefa3c75c3fe7189,7a65184cb95b40d4a78feaa796096699
8bb2472de9be4f83a328e71269d9c7a6,c62c52ab6d464da898fdf0616123bcb5,4ec5272674d44216ad040083bef770cf,4ed2066f472f3e5d971215ccfa5d92a6,03620cc739574d05a05029bbcbb3970d,26a9178f92a74838be64924b1c628f0e,c170870679e9493d83a96697723b3c5d,7a65184cb95b40d4a78feaa796096699
445f8e7b417144439e201a37e0736bdc,c62c52ab6d464da898fdf0616123bcb5,4ec5272674d44216ad040083bef770cf,791f2cd095b150e5ad02ef5c7c7f1659,03620cc739574d05a05029bbcbb3970d,26a9178f92a74838be64924b1c628f0e,55a73f353d1f429d9c02817988feb12b,7a65184cb95b40d4a78feaa796096699
4bda6d9cf35a4d7da74c42515b7bb123,c62c52ab6d464da898fdf0616123bcb5,4ec5272674d44216ad040083bef770cf,32274c20977a6c963db8be36092351a6,03620cc739574d05a05029bbcbb3970d,26a9178f92a74838be64924b1c628f0e,a14e119a942544e894c1d1514829004f,7a65184cb95b40d4a78feaa796096699
7dd77e5748ff46d2bd8dc59aabfabbd0,c62c52ab6d464da898fdf0616123bcb5,4ec5272674d44216ad040083bef770cf,335c39eecea5713ae20c82ee790a0e55,03620cc739574d05a05029bbcbb3970d,26a9178f92a74838be64924b1c628f0e,864a04418fce43d497d981bc1d1ebfa8,7a65184cb95b40d4a78feaa796096699
e7ac322419c44dbda623cf73d8fc13a2,c62c52ab6d464da898fdf0616123bcb5,4ec5272674d44216ad040083bef770cf,12a903e95135c7ed5d20ff37bb7e109d,03620cc739574d05a05029bbcbb3970d,26a9178f92a74838be64924b1c628f0e,ae9fdb1b38334fb09badb6ad68fe5074,7a65184cb95b40d4a78feaa796096699
662f50ed7fef4556b77756ae338b3e33,c62c52ab6d464da898fdf0616123bcb5,4ec5272674d44216ad040083bef770cf,74b2812ca8e4104277a40c96cb9cdd0b,03620cc739574d05a05029bbcbb3970d,26a9178f92a74838be64924b1c628f0e,de125a7d34994388bcd4a99c489d6deb,7a65184cb95b40d4a78feaa796096699
a8284517bfff491fbd035c13fe8cb614,c62c52ab6d464da898fdf0616123bcb5,4ec5272674d44216ad040083bef770cf,37a20107e6df313609c95514db002ae4,03620cc739574d05a05029bbcbb3970d,26a9178f92a74838be64924b1c628f0e,bc954a4b1a804b2abe67884521e9e75d,7a65184cb95b40d4a78feaa796096699
10abb9e799784282bceee6a8935ebf89,c62c52ab6d464da898fdf0616123bcb5,4ec5272674d44216ad040083bef770cf,fb04df7d932d4236a5d76dbd7cac494b,03620cc739574d05a05029bbcbb3970d,26a9178f92a74838be64924b1c628f0e,bc39f629d55f4f40bb016beac9d09128,7a65184cb95b40d4a78feaa796096699
6b276fb767a940a2b46ce71bc638b18b,c62c52ab6d464da898fdf0616123bcb5,4ec5272674d44216ad040083bef770cf,32ef52aed5bbea7da4d4193cb6148436,03620cc739574d05a05029bbcbb3970d,26a9178f92a74838be64924b1c628f0e,90c6d05939e6481dab8a3e4ace88150b,7a65184cb95b40d4a78feaa796096699
d799837559484826ae2b9c0cfe44a7bb,c62c52ab6d464da898fdf0616123bcb5,4ec5272674d44216ad040083bef770cf,a2f429f7ecb0e25f7f870e16af1f22a4,03620cc739574d05a05029bbcbb3970d,26a9178f92a74838be64924b1c628f0e,bcc7ca094b3f43e8b1e89f002b681803,7a65184cb95b40d4a78feaa796096699
06c0b8be8ffb40aa868096027451f33f,c62c52ab6d464da898fdf0616123bcb5,4ec5272674d44216ad040083bef770cf,f9a814c2311adc6b0fd2b36eb51ffdeb,03620cc739574d05a05029bbcbb3970d,26a9178f92a74838be64924b1c628f0e,04d16401046a4001a6df62085204d453,7a65184cb95b40d4a78feaa796096699
9a58c8a93ba3496893c520a1fda6d089,c62c52ab6d464da898fdf0616123bcb5,4ec5272674d44216ad040083bef770cf,d9c0f756537d080e775141c313756a57,03620cc739574d05a05029bbcbb3970d,26a9178f92a74838be64924b1c628f0e,c2a9156bc1714e449ebeb2d598c24065,7a65184cb95b40d4a78feaa796096699
03870124b1cc4d2f94564eea7087ed2d,c62c52ab6d464da898fdf0616123bcb5,4ec5272674d44216ad040083bef770cf,0dfdbd7b77bed2e1b006bab27ffad060,03620cc739574d05a05029bbcbb3970d,26a9178f92a74838be64924b1c628f0e,55e68a70bf3b488e92d6177f3100e661,7a65184cb95b40d4a78feaa796096699
2c44344255ef4b7da49342eb0e9ceba7,c62c52ab6d464da898fdf0616123bcb5,4ec5272674d44216ad040083bef770cf,a25740d4343c4490cb19bc17090321ea,03620cc739574d05a05029bbcbb3970d,26a9178f92a74838be64924b1c628f0e,cf96e0cebbaf41b6a3dbfce5b59ab227,7a65184cb95b40d4a78feaa796096699
4268f732e1584dbeae8c0c71f2651ef7,c62c52ab6d464da898fdf0616123bcb5,4ec5272674d44216ad040083bef770cf,a31b0cc496027b50958ba9c9ad258d98,03620cc739574d05a05029bbcbb3970d,26a9178f92a74838be64924b1c628f0e,326c06cea45c49ab84214a3aa5e341f4,7a65184cb95b40d4a78feaa796096699
c277fab080fe4b2bae8438175926d53d,c62c52ab6d464da898fdf0616123bcb5,4ec5272674d44216ad040083bef770cf,81bd7f38bccd1fa1737558e30af8b5f8,03620cc739574d05a05029bbcbb3970d,26a9178f92a74838be64924b1c628f0e,061a8f52c4ca4438a1498659981c8668,7a65184cb95b40d4a78feaa796096699
f4b0584612a54cc886b5c767c589e274,c62c52ab6d464da898fdf0616123bcb5,4ec5272674d44216ad040083bef770cf,cb835f121e2f6d9d607201a4a3571fbd,03620cc739574d05a05029bbcbb3970d,26a9178f92a74838be64924b1c628f0e,41398afcc05d4277a50b445ef61d8167,7a65184cb95b40d4a78feaa796096699
ee53893402ad4c2ab3a0c944c87938df,c62c52ab6d464da898fdf0616123bcb5,4ec5272674d44216ad040083bef770cf,88530b0b588017607d3f96c0e7a30e08,03620cc739574d05a05029bbcbb3970d,26a9178f92a74838be64924b1c628f0e,6a08dc3a7b49443493b5505a01e0d91a,7a65184cb95b40d4a78feaa796096699
cd76ff904cf343468101e2a80b8ba7a4,c62c52ab6d464da898fdf0616123bcb5,4ec5272674d44216ad040083bef770cf,b122d81378e319a3a6100b694116af01,03620cc739574d05a05029bbcbb3970d,26a9178f92a74838be64924b1c628f0e,c7494f4daf694f028d54142f9d374b52,7a65184cb95b40d4a78feaa796096699
17d343d5ce274166885d4297a73c2951,c62c52ab6d464da898fdf0616123bcb5,4ec5272674d44216ad040083bef770cf,d612ab21a0375d9795a9fec32bc58a22,03620cc739574d05a05029bbcbb3970d,26a9178f92a74838be64924b1c628f0e,87d829782bbb4864898f4baf66dc88f6,7a65184cb95b40d4a78feaa796096699
1b06dcaefdf6456aa039d0166adef3b7,c62c52ab6d464da898fdf0616123bcb5,4ec5272674d44216ad040083bef770cf,35051d516a14185473d9dfa77ad82311,03620cc739574d05a05029bbcbb3970d,26a9178f92a74838be64924b1c628f0e,cc699051f8d84d4c9972ba67b74b5c48,7a65184cb95b40d4a78feaa796096699
2b1924f34cec44a68be365860df42c82,c62c52ab6d464da898fdf0616123bcb5,4ec5272674d44216ad040083bef770cf,bc1dd755648568867dce43bb16e2bd1a,03620cc739574d05a05029bbcbb3970d,26a9178f92a74838be64924b1c628f0e,c7ae8819700f4e8a916ced090daca603,7a65184cb95b40d4a78feaa796096699
2d1f18e8c0f9408e99af992872ccb520,c62c52ab6d464da898fdf0616123bcb5,4ec5272674d44216ad040083bef770cf,004d008d7c0ff2ea9c77bf348b27c812,03620cc739574d05a05029bbcbb3970d,26a9178f92a74838be64924b1c628f0e,8b7b979fe85543d7b77b617fd7e141ef,7a65184cb95b40d4a78feaa796096699
1595cb9702ef496293978878cfdfa550,c62c52ab6d464da898fdf0616123bcb5,4ec5272674d44216ad040083bef770cf,9d4e910cdbeaefc76b4f3b7777c0c1b6,03620cc739574d05a05029bbcbb3970d,26a9178f92a74838be64924b1c628f0e,65d4d4d64fe542b396aa4b5f5bc4b7a1,7a65184cb95b40d4a78feaa796096699
