50fbd346901e46f687f8f4f7e03e3abf,117c6b7c7bd947059cc1120ca1b55fbd,3db86e8b3dfe42f29026d428db72a38d,b9d64b5eee08c587911b0109d1124aee,de8dec806e5c43eea053260871d64aa1,b071757c93e14a42b92abe649e53fc66,271878f1f1324e59a656348430b53f6a,5f76e2d86f0344afa03b9e579a55fa2a
ba13880e71314444a526dba23548417e,117c6b7c7bd947059cc1120ca1b55fbd,3db86e8b3dfe42f29026d428db72a38d,b8b9a8c93917c213a27f3babc458044e,de8dec806e5c43eea053260871d64aa1,b071757c93e14a42b92abe649e53fc66,80521d1d510641fb89b8326cb503353c,5f76e2d86f0344afa03b9e579a55fa2a
9b5bdc764b8149a2a001f6ef1637214b,117c6b7c7bd947059cc1120ca1b55fbd,3db86e8b3dfe42f29026d428db72a38d,f1630eefb63810d4c74a3f50fd851132,de8dec806e5c43eea053260871d64aa1,b071757c93e14a42b92abe649e53fc66,ce57a64bfd8946678001f8ea847bccd9,5f76e2d86f0344afa03b9e579a55fa2a
449f8425a3244b85b10061b833a2b9b9,117c6b7c7bd947059cc1120ca1b55fbd,3db86e8b3dfe42f29026d428db72a38d,027ff4e815b3c98ed529f66cd7127ea7,de8dec806e5c43eea053260871d64aa1,b071757c93e14a42b92abe649e53fc66,677292a76e884b90b34b7eb60e5edaf1,5f76e2d86f0344afa03b9e579a55fa2a
9be0cbede4d8470488e08be9996d573e,117c6b7c7bd947059cc1120ca1b55fbd,3db86e8b3dfe42f29026d428db72a38d,15461bb75c4fbf1829d4eb9e46c71c10,de8dec806e5c43eea053260871d64aa1,b071757c93e14a42b92abe649e53fc66,3d13361875fb4a20ac00a97b858dc14e,5f76e2d86f0344afa03b9e579a55fa2a
aabc1665bd3143fd92a3ea006f3e85ea,117c6b7c7bd947059cc1120ca1b55fbd,3db86e8b3dfe42f29026d428db72a38d,4dcf31f6ae00ca52469e9465e6927036,de8dec806e5c43eea053260871d64aa1,b071757c93e14a42b92abe649e53fc66,3fab29fd5b504ce892f04aa482c48bb8,5f76e2d86f0344afa03b9e579a55fa2a
5ec4cb5c939742cb9860ae80de298f19,117c6b7c7bd947059cc1120ca1b55fbd,3db86e8b3dfe42f29026d428db72a38d,817281eb0b94447043aa20df86cc6e94,de8dec806e5c43eea053260871d64aa1,b071757c93e14a42b92abe649e53fc66,4ad0d49ed51d4d8881e4f11a85956dde,5f76e2d86f0344afa03b9e579a55fa2a
cf7c0adc7fb24d45ace51c47d1690d66,117c6b7c7bd947059cc1120ca1b55fbd,3db86e8b3dfe42f29026d428db72a38d,99a905416dcb9f1f20aec6fe7f2dec96,de8dec806e5c43eea053260871d64aa1,b071757c93e14a42b92abe649e53fc66,5eeec1d9306044b2b19a4fd0f20c5c25,5f76e2d86f0344afa03b9e579a55fa2a
5ceca91ba37b4f148d21e82d6c3c505f,117c6b7c7bd947059cc1120ca1b55fbd,3db86e8b3dfe42f29026d428db72a38d,9ffb9097eaade09c70cca606f3cc49b6,de8dec806e5c43eea053260871d64aa1,b071757c93e14a42b92abe649e53fc66,be4c580ecc83406d8b1637dd40f5af64,5f76e2d86f0344afa03b9e579a55fa2a
75b0909160be4b01b0de437780c8e4bf,117c6b7c7bd947059cc1120ca1b55fbd,3db86e8b3dfe42f29026d428db72a38d,c24664319345d5142125638c70611d6a,de8dec806e5c43eea053260871d64aa1,b071757c93e14a42b92abe649e53fc66,26d4e2a768b64824a02bc53bffe50ef6,5f76e2d86f0344afa03b9e579a55fa2a
3d250c4775904be6bc45fce414d0fe5d,117c6b7c7bd947059cc1120ca1b55fbd,3db86e8b3dfe42f29026d428db72a38d,c7ac9de97dca4416bfeddd930236c566,de8dec806e5c43eea053260871d64aa1,b071757c93e14a42b92abe649e53fc66,a4b0f02931274e91b6b9291e320fcf27,5f76e2d86f0344afa03b9e579a55fa2a
