c2fd7a97b3b64f9c939c2a8dfeba0137,4d28058834ea4dc781b4300e0f0d978d,214905eabd774ef7ac193da4b3ff6c08,f61d2da6dea3a1936fb18398bdae6b48,c710dcfcf94d4b54b18038d52be619a4,2f3b74f2146d49fbb80526fff643f645,2a305f0f2a81408b8c82d029faa5fe35,77d841e5adad46448e5d8e73fc2d28e3
f8d0783c0dee40f09f5414a07796ff51,4d28058834ea4dc781b4300e0f0d978d,214905eabd774ef7ac193da4b3ff6c08,73eaf0c342a35117382205f6a1ba9c39,c710dcfcf94d4b54b18038d52be619a4,2f3b74f2146d49fbb80526fff643f645,34c0b548c77b4597bdca187331a1579b,77d841e5adad46448e5d8e73fc2d28e3
36f9d76455c34c3b9a9f8671c3dafadc,4d28058834ea4dc781b4300e0f0d978d,214905eabd774ef7ac193da4b3ff6c08,a8041af3b88333edf1e751cc834d6c41,c710dcfcf94d4b54b18038d52be619a4,2f3b74f2146d49fbb80526fff643f645,0046ea62124e447d8428c2bf3513f756,77d841e5adad46448e5d8e73fc2d28e3
995d85b9eb104862a105f76c8979040e,4d28058834ea4dc781b4300e0f0d978d,214905eabd774ef7ac193da4b3ff6c08,b14d2c863cbb0d48cef4057e471b6524,c710dcfcf94d4b54b18038d52be619a4,2f3b74f2146d49fbb80526fff643f645,03461a3b85784616a23e19fca3ad7b4e,77d841e5adad46448e5d8e73fc2d28e3
a87146b241d74111b49a35f91fa10a21,4d28058834ea4dc781b4300e0f0d978d,214905eabd774ef7ac193da4b3ff6c08,a7968625b62c39e1571e7519de81c427,c710dcfcf94d4b54b18038d52be619a4,2f3b74f2146d49fbb80526fff643f645,3620eb417fbc471995e49eb49e78aea1,77d841e5adad46448e5d8e73fc2d28e3
fc73a77105da4d5d88daa74df407d071,4d28058834ea4dc781b4300e0f0d978d,214905eabd774ef7ac193da4b3ff6c08,063269e47a9192cd1ea8c20b438491ee,c710dcfcf94d4b54b18038d52be619a4,2f3b74f2146d49fbb80526fff643f645,3fd9328d35ab47039db69b65d87a35e6,77d841e5adad46448e5d8e73fc2d28e3
3911fb1c1e5340b5b4b133308531e3d7,4d28058834ea4dc781b4300e0f0d978d,214905eabd774ef7ac193da4b3ff6c08,038d42ac1a2f4b1b51d88507d01164c7,c710dcfcf94d4b54b18038d52be619a4,2f3b74f2146d49fbb80526fff643f645,376d5599cbe1432cbfe7a163e49b7899,77d841e5adad46448e5d8e73fc2d28e3
c7d975a3e8674b53a5dac660e4f4250a,4d28058834ea4dc781b4300e0f0d978d,214905eabd774ef7ac193da4b3ff6c08,76c671c3e829b46586176e721ead644b,c710dcfcf94d4b54b18038d52be619a4,2f3b74f2146d49fbb80526fff643f645,3fca017c70f449068fefe52e7e3e5a54,77d841e5adad46448e5d8e73fc2d28e3
dc656db742f9448194b826bd4e75dda8,4d28058834ea4dc781b4300e0f0d978d,214905eabd774ef7ac193da4b3ff6c08,3236c8c9c9b3dac6a42803449019e84f,c710dcfcf94d4b54b18038d52be619a4,2f3b74f2146d49fbb80526fff643f645,58649fcc819e40caac68446b66953756,77d841e5adad46448e5d8e73fc2d28e3
b70cfc4f45924433a204769ce4dd3703,4d28058834ea4dc781b4300e0f0d978d,214905eabd774ef7ac193da4b3ff6c08,73ed3f46fec047f143901eb2418b1015,c710dcfcf94d4b54b18038d52be619a4,2f3b74f2146d49fbb80526fff643f645,6d6aa1ef29244d40afb53f34a5b590c4,77d841e5adad46448e5d8e73fc2d28e3
49bcba9e43c6407f8f0604cf90f44c03,4d28058834ea4dc781b4300e0f0d978d,214905eabd774ef7ac193da4b3ff6c08,e703a98b11b11ca1371a9d8d79507523,c710dcfcf94d4b54b18038d52be619a4,2f3b74f2146d49fbb80526fff643f645,686bc7beef654f3389dca2e6b5ac2849,77d841e5adad46448e5d8e73fc2d28e3
30de73ab7ca74587bd9f3d87d5f9221c,4d28058834ea4dc781b4300e0f0d978d,214905eabd774ef7ac193da4b3ff6c08,bf662f19b9afc21edcf33d967074e12c,c710dcfcf94d4b54b18038d52be619a4,2f3b74f2146d49fbb80526fff643f645,72748af68019449fa18dbbd7f280c639,77d841e5adad46448e5d8e73fc2d28e3
914516e4795643009ecf2ef6aa2a0706,4d28058834ea4dc781b4300e0f0d978d,214905eabd774ef7ac193da4b3ff6c08,9acc5265454c07a41bf39ead67d4ccac,c710dcfcf94d4b54b18038d52be619a4,2f3b74f2146d49fbb80526fff643f645,7ca5485458524e86883923971c3962f8,77d841e5adad46448e5d8e73fc2d28e3
7530e2f5020d480fa936e7bd88135c15,4d28058834ea4dc781b4300e0f0d978d,214905eabd774ef7ac193da4b3ff6c08,2878fad431108f9aed4b27c22a8e65b4,c710dcfcf94d4b54b18038d52be619a4,2f3b74f2146d49fbb80526fff643f645,7ef25c1872394e97a88a2dd4702cc9d0,77d841e5adad46448e5d8e73fc2d28e3
6959e1a4619c48eb93eb68ce8c8b5c5e,4d28058834ea4dc781b4300e0f0d978d,214905eabd774ef7ac193da4b3ff6c08,e0c7e3280b724ffb4a9e7c60f5dddf57,c710dcfcf94d4b54b18038d52be619a4,2f3b74f2146d49fbb80526fff643f645,a48e9b96dc604d05b3f5d3bd41db6b8f,77d841e5adad46448e5d8e73fc2d28e3
aa05828eda8f413996bb99bf57c3296e,4d28058834ea4dc781b4300e0f0d978d,214905eabd774ef7ac193da4b3ff6c08,7b15bbf74c91aff6df531de7553168ef,c710dcfcf94d4b54b18038d52be619a4,2f3b74f2146d49fbb80526fff643f645,89082c77db7145a08473fb731eab014f,77d841e5adad46448e5d8e73fc2d28e3
e1e593318088437ea3d4cffa5f20d9db,4d28058834ea4dc781b4300e0f0d978d,214905eabd774ef7ac193da4b3ff6c08,da87198dff4341a7a4663c92e5d1a748,c710dcfcf94d4b54b18038d52be619a4,2f3b74f2146d49fbb80526fff643f645,bde3a6e99b5b4e5bb465640eb0f0d4fd,77d841e5adad46448e5d8e73fc2d28e3
c13fb62d325a4da7a23e304fd6de0659,4d28058834ea4dc781b4300e0f0d978d,214905eabd774ef7ac193da4b3ff6c08,f16858ab7d304e5cbd39a1e31fcc5ec3,c710dcfcf94d4b54b18038d52be619a4,2f3b74f2146d49fbb80526fff643f645,b0301e2d814842a7a1308caeb324ce21,77d841e5adad46448e5d8e73fc2d28e3
5eeb294161a642b3b91f6b478288f8d9,4d28058834ea4dc781b4300e0f0d978d,214905eabd774ef7ac193da4b3ff6c08,d4009c5a2f1573a601e7e6dbd9c31763,c710dcfcf94d4b54b18038d52be619a4,2f3b74f2146d49fbb80526fff643f645,c1777b48ddc94e2b93cf0ea3be4c1206,77d841e5adad46448e5d8e73fc2d28e3
b5d23e60d8f949eaafdb9eff1be1cee6,4d28058834ea4dc781b4300e0f0d978d,214905eabd774ef7ac193da4b3ff6c08,cb3dfac2f6c139a7e6fa4a508f55dc45,c710dcfcf94d4b54b18038d52be619a4,2f3b74f2146d49fbb80526fff643f645,f12d88f47bbb4bf7847af05f6352fe83,77d841e5adad46448e5d8e73fc2d28e3
c78c01da5e7c43fcaf47342b3bff9502,4d28058834ea4dc781b4300e0f0d978d,214905eabd774ef7ac193da4b3ff6c08,91e9988631000038dece754cb159202c,c710dcfcf94d4b54b18038d52be619a4,2f3b74f2146d49fbb80526fff643f645,f1439b10c88a4372b477abb740cf12e8,77d841e5adad46448e5d8e73fc2d28e3
